:020000040800F2
:10000000803B0020050300081D8C0008E17B0008F0
:10001000318B00089917000805A3000800000000B4
:10002000000000000000000000000000818F0008B8
:10003000DD190008000000008D8C0008D98F000831
:100040001F0300081F0300081F0300081F03000808
:100050001F0300081F0300081F0300081F030008F8
:100060001F0300081F0300081F030008D51700081E
:10007000E5170008F5170008051800081F03000819
:100080001F030008151800081F0300081F030008BD
:100090009D1700081F0300081F0300081F03000826
:1000A000F58F0008119000081F0300081F030008C7
:1000B0001F0300081F030008219000081F03000809
:1000C0001F0300081F0300081F0300081F03000888
:1000D0001F03000879A200081F03000889A2000876
:1000E0001F0300081F0300081F0300086190000899
:1000F0007D9000081F0300081F0300082518000852
:100100001F0300081F030008319000081F030008A8
:1001100001990008219900084190000851900008B9
:100120001F030008351800081F0300081F030008FC
:100130001F03000800000000000000001F0300086B
:100140001F030008AD1700081F0300081F03000865
:100150001F0300081F0300081F030008A5A20008D2
:100160001F0300081F0300081F0300081F030008E7
:100170001F0300081F03000800000000000000002B
:100180001F0300081F03000800F002F800F0AAF89F
:1001900014A696E8000CB244B344DA4501D100F04D
:1001A000A1F8BAE80F000FA696E83000A5EB040509
:1001B00004EB0607AAEB0704A7F101074FEA1515A0
:1001C0004FEA3414A4F10104AC4201D300F08AF8E0
:1001D00013F0010F18BFFB1A43F0010300F001F800
:1001E000DBE71847A84A0100C84A0100103A24BFBB
:1001F00078C878C1FAD8520724BF30C830C144BF8C
:1002000004680C6070470000704700000023002461
:1002100000250026103A28BF78C1FBD8520728BF16
:1002200030C148BF0B6070476E2900F0E78270292B
:1002300000F02984662914F05281652914F04F8159
:10024000672914F04C81612914F04B8103681B0A63
:1002500028BF41F08001692900F09482642900F0F0
:100260009182752900F08E826F2900F0B78378297A
:1002700000F0F583E92900F05183E42900F04E8372
:10028000F52900F04B83EF2900F0B483F82900F042
:10029000F4830368DB0928BF41F08001632901F082
:1002A000FD80732901F00281E32901F00D81F3291A
:1002B00001F01281002070471FB514F084F800F09F
:1002C000B5FC04000020002113F030FC401C6060ED
:1002D0000020002113F040FCE06000F0C3F91FBDD6
:1002E00010B510BD01F032F91146FFF7E5FF11F02E
:1002F00081FE01F003FA03B4FFF7F2FF03BC01F043
:100300001FF900000948804709480047FEE7FEE75B
:10031000FEE7FEE7FEE7FEE7FEE7FEE7FEE7FEE7B5
:1003200004480549054A064B70470000E18F000864
:100330008901000880350020803B002080370020A4
:100340008037002053EA020C00F069802DE9F04B61
:100350004FF00006002B1FBFB3FA83F503FA05F434
:1003600024FA05F65E4012BF1643B2FA82F502FA8D
:1003700005F4C5F120051EBF22FA05FC44EA0C0471
:10038000203556EA044C4FEA144418BF641C4FF061
:1003900000084FF00009904271EB030C39D300299B
:1003A00019BFB1FA81F701FA07F6B0FA80F700FA3F
:1003B00007F6C7F120071EBF20FA07FC46EA0C0625
:1003C0002037B6FBF4FCA7EB0507103F07F01F0B27
:1003D000CBF120062CFA06F60CFA0BFB44BFB34611
:1003E0000026202FA4BF5E464FF0000B5BEA060CF0
:1003F00008BF4FF0010B19EB0B0948EB0608ABFBEC
:10040000027C06FB02CC0BFB03CCC01B71EB0C0186
:10041000C1E70B46024641464846BDE8F08B13B59E
:10042000084318BF4FF0FF300146AFF30080BDE82E
:100430001C4070470FB41CB5084B06AA7B446946A4
:100440000090059800F0F3F904460020694600F09A
:1004500001FA20461CBC5DF814FB000015040000E6
:10046000032A40F2308010F0030C00F0158011F8E0
:10047000013BBCF1020F624498BF11F801CB00F8B8
:10048000013B38BF11F8013BA2F1040298BF00F80C
:1004900001CB38BF00F8013B11F0030300F02580C9
:1004A000083AC0F0088051F8043B083A51F804CBF0
:1004B000A0E80810F5E7121D5CBF51F8043B40F8B6
:1004C000043BAFF30080D20724BF11F8013B11F8C1
:1004D00001CB48BF11F8012B24BF00F8013B00F805
:1004E00001CB48BF00F8012B704710B5203AC0F08F
:1004F0000B80B1E81850A0E81850B1E81850A0E8F7
:100500001850203ABFF4F5AF5FEA027C24BFB1E88F
:100510001850A0E8185044BF18C918C0BDE81040D2
:100520005FEA827C24BF51F8043B40F8043B08BFDB
:100530007047D20728BF31F8023B48BF11F8012BA2
:1005400028BF20F8023B48BF00F8012B70474FF04E
:1005500000020429C0F0128010F0030C00F01B8090
:10056000CCF1040CBCF1020F18BF00F8012BA8BF9E
:1005700020F8022BA1EB0C0100F00DB85FEAC17C62
:1005800024BF00F8012B00F8012B48BF00F8012B15
:1005900070474FF0000200B5134694469646203946
:1005A00022BFA0E80C50A0E80C50B1F12001BFF42C
:1005B000F7AF090728BFA0E80C5048BF0CC05DF892
:1005C00004EB890028BF40F8042B08BF704748BFE0
:1005D00020F8022B11F0804F18BF00F8012B704754
:1005E00030B44FF0013C50F8042B51F8043BCCFAE6
:1005F00052F4D51A20D1FCB950F8042B51F8043B21
:10060000CCFA52F4D51A17D1B4B950F8042B51F8DA
:10061000043BCCFA52F4D51A0ED16CB950F8042B25
:1006200051F8043BCCFA52F4D51A05D1002CDAD09B
:1006300030BC4FF00000704729BAB1FA81F111F0D7
:100640001801D1F120008440F2D1CA40CB4012F011
:10065000FF0213F0FF0330BCD01A70477047704799
:100660007047000008487CB57844009007487844FB
:10067000009C0546019004E020460168084480473C
:10068000241DAC42F8D17CBD6C4701007E470100BF
:1006900010B500F0CBFA001D10BD00BF9134010071
:1006A000004870476000002010B5FFF7F9FF0068B0
:1006B00010BD10B50446FFF7F3FF046010BD70B520
:1006C000044685690068C10601D5302600E0202671
:1006D000C00707D070BDD4E9012130469047206A99
:1006E000401C20626D1EF6D570BD70B5044685694C
:1006F0000078C00707D170BDD4E9012120209047C0
:10070000206A401C20626D1EF6D570BD09684A053E
:1007100001D540B27047C905FCD500B270470968E1
:100720004A0501D5C0B27047C905FCD580B27047F3
:1007300070B50C460546012A05D02878800600D5FC
:10074000EA69002302E0012305E05B1C934202D228
:10075000E05C0028F9D1A869E618C01AA861286AE7
:10076000184428622846FFF7AAFF04E0D5E90121D2
:1007700014F8010B9047B442F8D32846FFF7B5FFB1
:1007800070BD00002DE9F04106460024106875296F
:10079000314616A510D0FFF7B9FF002802DA404213
:1007A00013A507E031688A0701D512A502E04907C1
:1007B00004D511A5012401E0FFF7B1FF00210A22B1
:1007C00006F1240709E0B0FBF2FCB0FBF2F302FBF8
:1007D0001C00303078541846491C0028F3D12346B9
:1007E0002A463046BDE8F04100F069BA000000003A
:1007F0002D0000002B00000020000000116802689E
:10080000006A530501D508700AE0D30501D50880B8
:1008100006E0130603D5C217C1E9000200E0086034
:100820000120704701694A1C02610878704700B5D1
:100830008FB0CDE901310021059105497944CDE919
:1008400003101146684600F029F90FB000BD000002
:10085000E5FFFFFF0A6802F8010B0A60704700001D
:100860002DE9FF5F15468A460446DFF8AC80F84460
:100870000027D8E900103E46CDE9001010E03AF814
:1008800016106A4602A800F02BFE411C07D0217802
:10089000890603D5E269391891420DD80744761CC0
:1008A0002078800602D5E069B84205DDAE42E6DB7D
:1008B0003AF816000028E2D1A069C01BA0612046CA
:1008C000FFF7FDFED8E90010CDE90010002017E089
:1008D0003AF818106A4602A800F002FEB0F1FF3F95
:1008E00081460BD000250DF1080B05E0D4E901216C
:1008F0001BF8050090476D1C4D45F7D308F101002A
:10090000B0428046E4DB206A384420622046FFF78C
:10091000ECFEBDE8FF9F0000763C01002DE9F041B0
:100920008046D21D22F007020025D2E90002F529F7
:1009300015A614D0011E72F1000106DA0023D0EBD7
:10094000030063EB020211A608E0D8F800108B0741
:1009500001D50FA602E0490701D50EA601251146D3
:10096000002408F1240704E000F064F930323A551D
:10097000641C50EA0102F7D12B463246214640461C
:10098000BDE8F04100F09BB9000000002D00000020
:100990002B0000002000000030B4002100F12404EE
:1009A00008E002F00705D208303542EA4372DB085E
:1009B0006554491C52EA0305F3D10468002310A2D0
:1009C000250708D504F020040C4304D0C469012392
:1009D0000CA2641EC46130BC00F071B910B50446AD
:1009E00021461068FFF79BFE02462046BDE81040F6
:1009F0000023D1E7D21D22F00701D1E90023CBE784
:100A00000000000030000000F0B40D460188090528
:100A100002D5214C7C4402E01F4C7C440E34002162
:100A200000F1240608E002F00F071209E75D42EA30
:100A300003721B097754491C52EA0307F3D1027869
:100A40000023120704D5702D06D009B102231134FA
:100A50002246F0BC00F033B901231034F8E770B53A
:100A600004460D4621461068FFF759FE0246294606
:100A70002046BDE870400023C6E7D21D22F00703E0
:100A8000D3E90023C0E70368126843F02003036042
:100A90000823C3610023B7E7D83A01002DE9F05FCE
:100AA000894604464FF0000ADFF874B1FB44C0F8F1
:100AB00020A02046E1688847002874D0252806D069
:100AC000D4E901219047206A401C2062F1E700260A
:100AD0005F462046E16888472028054607DB312D20
:100AE00005D2781910F8200C08B10643F1E7B007D9
:100AF00001D526F00406C4F81CA00027C4F818A0ED
:100B00002A2D09D0284612F0EBFF38B304EB8708F2
:100B1000303DC8F8185019E059F8041B204604EB82
:100B200087029161E1688847012F054618D1E06985
:100B3000002820DA26F020061DE0D8F8180000EB87
:100B4000800005EB40003038C8F818002046E16806
:100B50008847054612F0C4FF0028EED1012F0AD0C5
:100B60002E2D08D12046E16888477F1C0546022FBC
:100B700046F02006C4DBA069002803DA404246F0B4
:100B80000106A061F00701D026F010066C2D0BD0F5
:100B9000682D09D04C2D39D06A2D35D0742D35D023
:100BA0007A2D33D016E038E0E1682F46204688479A
:100BB000B842054609D16C2F26D04FF48060E16819
:100BC000064320468847054604E06C2F1AD04FF4B0
:100BD000807006430DB3A5F14100192802D82035D5
:100BE00046F400664A462946204626604E46FFF7F0
:100BF0001BFB80B101280BD0F61D26F0070000F189
:100C0000080956E74020E4E78020D8E70020D6E72F
:100C100006F104094DE7284652E7206ABDE8F09F37
:100C2000683A0100004870476000002000487047A3
:100C30008000002030B5B0F10A0271F100034FEAE4
:100C4000900E4EEA817EB0EB0E0061EB91014FEA0F
:100C5000101E4EEA017E10EB0E0041EB11114FEA1F
:100C6000102E4EEA016E10EB0E0041EB11214FEAFF
:100C7000104E4EEA014E10EB0E0041EB11414018B0
:100C800041F100014FEAD00040EA41704FEAD10142
:100C90004FEA810444EA907410EB800544EB0104B0
:100CA0006D1944EB0404521BA3414FF0000348BFED
:100CB0000A3200D530BD401C41F1000130BD2DE9A4
:100CC000F0470D4699469246044600F12408016813
:100CD000880604D5E06921F01001216000E00120C0
:100CE000A84201DD471B00E00027A1697A1902EB49
:100CF0000900081AA0612078C00602D42046FFF738
:100D0000DEFC002608E0D4E901211AF8060090472D
:100D1000206A401C761C20624E45F4DB2078C00619
:100D20000AD52046FFF7CBFC06E0D4E901213020AC
:100D30009047206A401C2062381EA7F10107F4DCAE
:100D400007E0D4E9012118F805009047206A401C0B
:100D50002062281EA5F10105F3DC2046FFF7C5FC43
:100D60002078000602D50220BDE8F0870120FBE7CD
:100D70002DE9FF4F0C461E464FF0FF378BB0D2E9EE
:100D80000001DDF860800A908A46C1F30A5505B972
:100D90003D46002108464FF00000BAF1000F00F474
:100DA000400005DA00EB80004FF4400101EA5000FA
:100DB0004FEA9059B9F1010F00DDB9460A9850EA9F
:100DC0004A000ED044F61050A5F2FF3545432F14CB
:100DD000B8F1000F1ED07542291E1EDDC9F10002B8
:100DE0001CE0B8F1010F4FF0000001D0302103E00A
:100DF000F24305E02154401CB042FBDB30460022A8
:100E0000002121540B99C1F80880C1E900200FB0DE
:100E1000BDE8F08FBD1B6D1CDEE74A4600DA694273
:100E200006A800F0F9FB06AB93E8070003AB83E8E4
:100E3000070050460A9911F0EAFD8DE80700A0F579
:100E400000501F3800900398002D0ADD42F21F0168
:100E50004A460844002303A90390684612F054F858
:100E600009E0A0F500504A461F38002303A903906B
:100E7000684612F05EF88DE807000004000C03D00D
:100E80004FF0FF30410800E01046B8F1000F03D0EA
:100E90000022009215461EE0751E05D4FFF7CAFE1B
:100EA000303262556D1EF9D5B3460122084302D097
:100EB00000227F1C04E02078302801D100227F1E10
:100EC000002A099784D01DE0112D07DAFFF7B2FE42
:100ED000303262556D1C50EA0102F5D1084302D050
:100EE0000098C8B10EE00021681E05E0235C625C3A
:100EF00063542254401E491C8142F7DBAB46A81BB9
:100F0000401E0990002004F80B000B98099AC0F8C5
:100F10000880C0E9002B7AE711264FF0000857E758
:100F20002DE9F04F88460446D21D22F0070191B00A
:100F3000D1E90001CDE90A0112F032F902460B981D
:100F4000C00F01D02D2007E02068810701D52B209C
:100F500002E0202101EAC000032A099001D0072AFB
:100F600005DB03464146204600F016FB0BE12078E6
:100F7000800601D5E06900E00620B8F1650F8146E2
:100F800006D0B8F1660F18D0B8F1670F70D131E014
:100F90000020B9F1110F009001DB112301E009F1EC
:100FA00001030AAA01A90CA8FFF7E2FEDDE90C7013
:100FB000002609F10105834647E001204B460090D9
:100FC0004FF000470AAA01A90CA8FFF7D1FEDDE9FE
:100FD0000DB00C995D46002610B909F101000D18FD
:100FE000B9EB050003D4C0F1FF3609F10105A5EB0B
:100FF00009002BE0B9F1010F01DA4FF001090020DF
:10100000B9F1110F0090484601DD112300E00346BD
:101010000AAA01A90CA8FFF7ABFEDDE90C704D464A
:1010200000268346207800070AD4AB4500DA5D46E7
:1010300001A8012D04DD411911F8011C302907D048
:101040004F4502DA17F1040F04DA012082460FE05F
:101050006D1EEEE7002F02DCED1B3E4403E0781C22
:10106000A84200DD7D1CB81B00F1010A4FF00047CB
:101070002078000703D4AA4501DB4FF0FF3A002196
:10108000B7F1004F0DF143088DF8431024D0022032
:101090002B23002F01DA7F422D230A21021EA0F10B
:1010A000010000DC5FB197FBF1FC97FBF1F201FB63
:1010B0001C7C17460CF1300C08F801CDEEE7A8F1C6
:1010C000010003702188090501D5452100E0652153
:1010D000A0F1010800F8011C09980FA9A1EB08076D
:1010E000FF1D00B10120411901EBEA70A1693844EC
:1010F000081A401EA0612078C00602D42046FFF7DF
:10110000DEFA099828B1D4E901219047206A401CF1
:1011100020622078C00622D52046FFF7D0FA1EE0D4
:10112000002E04DBB34502DD01A8805D00E0302025
:10113000D4E901219047206A401C2062761CAAF164
:1011400001005FEA000A0AD1FFF770FDC06801687C
:10115000405CD4E901219047206A401C2062281E8F
:10116000A5F10105DCDC07E0D4E9012118F8010B49
:101170009047206A401C2062381EA7F10107F3DC6B
:101180002046FFF7B2FA032011B041E62DE9F04FF7
:1011900004460D46D21D22F0070089B0D0E9009721
:1011A0004846394611F0FCFF0246F80F01D02D23C6
:1011B00007E02068810701D52B2302E0202101EA06
:1011C000C0038DF820300BB1012000E00020032A7D
:1011D000824601D0072A04DB2946204600F0DCF9CC
:1011E0003FE12078800601D40D2500E0E569C7F3D2
:1011F0000A560D2D49DA00214FEA175B08464FF0D9
:101200000000002F00F4400007DA00EB80004FF4EC
:10121000400100EBD07001EA60008115012901DD79
:101220004FF0FF3100224FEA850CBCF1180F06D3B6
:101230001346ACF118004FF08052C24003E04FF467
:10124000801323FA0CF30CF10C0CBCF1200F04D327
:10125000ACF1200C09FA0CF001E007FA0CF00029BF
:101260004FF0004801DD18B90FE00ED140450CD316
:1012700019EB02095F4121B9404502D19F4329EA98
:101280000209BBEB175F00D0761C2088000502D551
:101290007B48784402E07A487844193808AA302319
:1012A00002F80A30037C0AF10101002E0AF1020A59
:1012B00053546A4602DC4FF0300101E04FF0310137
:1012C0004FF001088DF8001002D0A6F2FF3603E0BF
:1012D00059EA470100D06B4E002D02DC2178090746
:1012E00004D54FF002082E218DF80110C4460021CC
:1012F0000BE0C7F303433F01C35C491C6D1E02F8BA
:101300000830052908F1010801DA002DF1DC00217F
:101310000CE000EB1973491C1B786D1E082902F8BC
:1013200008304FEA091908F1010801DA002DF0DC54
:1013300021688B0602D516E0A8F10108E04505DD1D
:1013400002EB080313F8013C302BF5D0B8F1000F85
:1013500009DD02EB080313F8013C2E2B03D109072A
:1013600001D4A8F10108002D05DD3E2102F8081086
:101370006D1E08F10108407C002E02F8080008F1FB
:10138000010804DA2D20764202F8080002E02B2042
:1013900002F808000A214FF47A70864208F1010829
:1013A0000BDB96FBF0F3303302F8083096FBF0F3DA
:1013B00008F1010800FB136601E0642E0CDB6420D9
:1013C00096FBF0F3303302F8083096FBF0F308F1A7
:1013D000010800FB136601E00A2E06DB96FBF1F024
:1013E000303002F8080008F1010896FBF1F001FB2B
:1013F0001060303002F80800A16908F1010808EB1C
:10140000050202EB0A00081AA0612078C00602D487
:101410002046FFF754F9216A08AE01EB0A0020626A
:1014200004E0D4E9012116F8010B9047BAF1010A52
:10143000F7D22078C00602D52046FFF740F96E4665
:1014400009E016F8010B3E280FD0D4E9012190479E
:10145000206A401C2062B8F10108F2D22046FFF752
:1014600044F909B00320BDE8F08F206A28442062C7
:1014700003E0D4E90121302090476D1EEBD3F8E75B
:10148000C932010002FCFFFF10B5436913B1AFF38D
:10149000008001E0FFF74CF9012010BD127800F147
:1014A00024010A7000224A700122EDE711684FF012
:1014B000FF32E9E710B5436913B1AFF3008001E0F3
:1014C000FFF7CEF9012010BD128800F124018284BB
:1014D0000022C2840122EDE711684FF0FF32E9E7F4
:1014E0002DE9F04116460C460546FFF7D1F8036892
:1014F00093F80101012807D0FF2C12D8185D80B1A4
:1015000001202C70BDE8F081D3F807013246214656
:1015100003F20713C7182846BC46BDE8F041002374
:1015200060474FF0FF30EDE710B5002000F0EFF816
:10153000FEF7D6FEBDE81040012000F001B8000023
:1015400001491820ABBEFEE7260002007546FFF7F2
:1015500069FBAE4605006946534620F00700854604
:1015600018B020B5FEF7DCFEBDE820404FF00006C5
:101570004FF000074FF000084FF0000BAC46ACE80E
:10158000C009ACE8C009ACE8C009ACE8C00921F06A
:1015900007018D46704700002DE9F0411F460446C3
:1015A00003260168072A01F4006004DB08B116A5D0
:1015B00005E016A503E008B115A500E015A521F08A
:1015C00010002060A069C01EA0610FB1401EA06184
:1015D0002046FFF774F84FB1D4E90121384690470F
:1015E000206A401C2062C01C206206E0206AFAE7E4
:1015F000D4E9012115F8010B9047761EF8D2204658
:10160000FFF773F8BDE8F0814E414E006E616E0049
:10161000494E4600696E66002DE9F0478146164640
:101620008AB0354878440DC88DE80D0032487844BA
:10163000801C03AC0DC884E80D0041F69B300844C3
:10164000372190FBF1F290FBF1F5A5F1800501FB4C
:1016500012041B3C02D56442012000E00020DFF8A8
:1016600098A080460027FA44AAF1BE0A0EE0E007DF
:101670000AD03246684607EB470101230AEB810195
:1016800011F057FC8DE8070064107F1C002CEED190
:10169000194F7F44AE3F19E0E80715D007EB04105F
:1016A0000DF1180A90E80E008AE80E00C068F042BA
:1016B00001D1981908903246012306A903A811F018
:1016C00038FC03AB83E807006D10641C002DE3D1E8
:1016D0004FF0010332466946B8F1000F03A802D06B
:1016E00011F012FC01E011F024FCC9E90001C9F875
:1016F00008200AB0BDE8F087C82F010010B50446E5
:10170000AFF300802046BDE81040FEF7F4BD10B5F1
:1017100000F00AF8BDE8104000F001B8704700285A
:1017200001D0FFF70DBF704710B5002102A000F0F7
:1017300013F8012010BD0000534947414252543A6A
:101740002041626E6F726D616C207465726D696E9E
:101750006174696F6E00000070B505460C460A2082
:1017600000E06D1C00F011F835B128780028F8D1A0
:1017700002E0641C00F009F814B120780028F8D1C8
:10178000BDE870400A20AFF3008008B569468DF8C7
:1017900000000320ABBE08BDFFE7FEE780B542F2C4
:1017A000B050C2F2000000F035FC80BD80B542F2BE
:1017B000D850C2F2000000F02DFC80BD84B0039030
:1017C000039908684968019100909DED000B04B0F1
:1017D0007047000080B542F22070C2F2000001F0B4
:1017E00061FD80BD80B542F28070C2F2000001F060
:1017F00059FD80BD80B542F2C060C2F2000001F028
:1018000051FD80BD80B542F2E070C2F2000001F0EF
:1018100049FD80BD80B542F26060C2F2000001F077
:1018200041FD80BD80B542F20060C2F2000001F0CF
:1018300039FD80BD80B542F64000C2F2000001F0E3
:1018400031FD80BD82B001900198007810384AF6D1
:10185000AB21CAF6AA21A0FB011000090090009953
:1018600044F22060C0F60100405C0199C865009810
:10187000042807D3FFE701990868042262F30900EE
:10188000886506E00199086840F2FF329043886558
:10189000FFE70198806D02B07047000086B00590A8
:1018A00000208DF813000598806A039005988069E0
:1018B00010BBFFE70398029003281BD80299DFE8CA
:1018C00001F0020D0218059890F82F00C00720B112
:1018D000FFE701208DF81300FFE70CE00598C06AD0
:1018E000B0F1C07F04D1FFE701208DF81300FFE7BE
:1018F00001E000E0FFE745E005988069B0F5005F92
:1019000025D1FFE70398019003281ED80199DFE84D
:1019100001F00206021101208DF8130016E005986F
:1019200090F82F00C00720B1FFE701208DF81300C9
:10193000FFE70BE00598C06AB0F1C07F04D1FFE774
:1019400001208DF81300FFE700E0FFE719E003989E
:101950000090032804D3FFE70098032804D00EE08A
:1019600001208DF813000BE0059890F82F00C007B8
:1019700020B1FFE701208DF81300FFE700E0FFE74B
:10198000FFE7FFE79DF8130006B0704784B00390AF
:1019900002910192009303980168086820F4802066
:1019A0000860009803990968486003988068402897
:1019B00009D1FFE7019803990968886002980399A3
:1019C0000968C86008E0029803990968886001986E
:1019D00003990968C860FFE704B0704770470000CA
:1019E00072B6FFE7FEE7000084B002900191029812
:1019F00090F820008DF803009DF80300012805D021
:101A0000FFE79DF8030002280AD1FFE7019A029838
:101A1000016848691043486100208DF80F0008E014
:101A20000299486A40F48020486201208DF80F0036
:101A3000FFE79DF80F0004B07047000088B00690E3
:101A4000059104920393069890F820008DF8070002
:101A500006980068806800900598806808B9FFE7DC
:101A600000E0FFE79DF80700012806D0FFE79DF89A
:101A70000700022840F08080FFE79DF80300400740
:101A800000280CD4FFE79DF803000007002806D4C7
:101A9000FFE79DF80300C006002864D5FFE7009823
:101AA000C0F3016002900299012088400399086008
:101AB0000598806868B9FFE705980168C06840EA42
:101AC000415006990968029A01EB0211C1F88001A0
:101AD0000EE005994A688868C96840EAC200084370
:101AE00006990968029A01EB0211C1F88001FFE72B
:101AF0000598006906990968029A01EB0211C1F87C
:101B000084010598007D01280CD1FFE70698006844
:101B1000029900EB0111D1F8840140F48070C1F802
:101B20008401FFE70498406806990968029A01EB6E
:101B30000211C1F88C010498006806990968029A9C
:101B400001EB0211C1F8880106980068029900EBC8
:101B50000111D1F8800140F00100C1F8800100209E
:101B60008DF81F0011E00699486A40F400104862A1
:101B700001208DF81F0008E00699486A40F4802093
:101B8000486201208DF81F00FFE79DF81F0008B094
:101B90007047000086B004900391049890F82000EC
:101BA0008DF803009DF80300012806D0FFE79DF89B
:101BB0000300022840F0B080FFE746F20040C4F284
:101BC000000001900199D1F8000240F00100C1F835
:101BD00000020199D1F8000220F47C50C1F8000203
:101BE0000398426A0199D1F8000240EA0220C1F844
:101BF00000020398406900F01F0101208840029014
:101C0000029A0199D1F81C029043C1F81C02039872
:101C1000C069F0B9FFE7029A0199D1F80C0290432C
:101C2000C1F80C02039A9088D168526940EA0140D9
:101C3000019901EBC201C1F84002039A1088916832
:101C4000526940EA0140019901EBC201C1F8440226
:101C5000FFE70398C06901281ED1FFE7029A0199A6
:101C6000D1F80C021043C1F80C02039A9088116855
:101C7000526940EA0140019901EBC201C1F84002FA
:101C8000039A90899168526940EA0140019901EBF9
:101C9000C201C1F84402FFE70398806940B9FFE739
:101CA000029A0199D1F804029043C1F8040207E0B6
:101CB000029A0199D1F804021043C1F80402FFE727
:101CC0000398006940B9FFE7029A0199D1F814021C
:101CD0009043C1F8140207E0029A0199D1F8140266
:101CE0001043C1F81402FFE70398006A012808D1E5
:101CF000FFE7029A0199D1F81C021043C1F81C02B7
:101D0000FFE70199D1F8000220F00100C1F80002BC
:101D100000208DF8170008E00499486A40F48020FC
:101D2000486201208DF81700FFE79DF8170006B004
:101D30007047000081B0009001B0704784B00390FC
:101D4000029100200190039890F820008DF8030084
:101D50009DF80300012805D0FFE79DF80300022845
:101D600012D1FFE7029838B9FFE703980068C0680E
:101D700000F00300019006E003980068006900F09D
:101D800003000190FFE7FFE7019804B070470000EF
:101D900086B00490039102920193049890F8200079
:101DA0008DF803009DF80300012806D0FFE79DF899
:101DB0000300022840F0E880FFE7039880B9FFE7BE
:101DC00004980068C068800748B9FFE70499486A2A
:101DD00040F40010486201208DF81700DDE00FE0AC
:101DE000049800680069800748B9FFE70499486AC9
:101DF00040F40010486201208DF81700CDE0FFE7A5
:101E000004980068039900EB0110D0F8B00100F0CD
:101E10000400029988600298806858B9FFE7049826
:101E20000068039900EB0110D0F8B001400D029951
:101E300008600AE004980068039900EB0110D0F8EC
:101E4000B001C00802994860FFE704980068039950
:101E500000EB0110D0F8B00100F002000299C86058
:101E600004980068039900EB0110D0F8B40100F069
:101E70000F00082804D3FFE70299082008610BE04F
:101E800004980068039900EB0110D0F8B40100F049
:101E90000F0002990861FFE704980068039900EBBE
:101EA0000110D0F8B40180B2000A02998861049848
:101EB0000068039900EB0110D0F8B401000C0299FE
:101EC000486104980068039900EB0110D0F8B8014C
:101ED0000199087004980068039900EB0110D0F88C
:101EE000B801000A0199487004980068039900EB52
:101EF0000110D0F8B801000C0199887004980068AE
:101F0000039900EB0110D0F8B801000E0199C870D8
:101F100004980068039900EB0110D0F8BC01019906
:101F2000087104980068039900EB0110D0F8BC0117
:101F3000000A0199487104980068039900EB0110A8
:101F4000D0F8BC01000C01998871049800680399CD
:101F500000EB0110D0F8BC01000E0199C871039884
:101F600038B9FFE704980168C86840F02000C860ED
:101F700006E004980168086940F020000861FFE766
:101F800000208DF8170008E00499486A40F480208A
:101F9000486201208DF81700FFE79DF8170006B092
:101FA0007047000083B0029000200190029890F8E2
:101FB00020008DF803009DF80300012805D0FFE7FD
:101FC0009DF80300022822D1FFE70298006880688C
:101FD0004001002804D5FFE7019801300190FFE798
:101FE0000298006880680001002804D5FFE7019886
:101FF00001300190FFE7029800688068C000002867
:1020000004D5FFE7019801300190FFE7FFE7019851
:1020100003B0704780B58AB00990002008900998F5
:102020000068406907900998006840680690099820
:1020300000688068059009980068C0680490099855
:1020400000680069039009980068806902909DF813
:102050001C00C007002800F09480FFE79DF81400E2
:10206000C00758B3FFE709980168012088609DF810
:1020700014008007002804D5FFE7099801F062F8F2
:102080001BE09DF814004007002805D5FFE70898DD
:1020900040F4006008900FE09DF81400000700284D
:1020A00005D5FFE7089840F48050089003E00998B0
:1020B00001F044F8FFE7FFE7FFE7FFE79DF81500B1
:1020C000C00760B3FFE7099801684FF4807088602B
:1020D0009DF815008007002804D5FFE7099801F056
:1020E00039F81BE09DF815004007002805D5FFE7EB
:1020F000089840F4005008900FE09DF81500000784
:10210000002805D5FFE7089840F48040089003E0D8
:10211000099801F01BF8FFE7FFE7FFE7FFE79DF8ED
:102120001600C00760B3FFE7099801684FF48030DC
:1021300088609DF816008007002804D5FFE70998FD
:1021400001F010F81BE09DF816004007002805D5A7
:10215000FFE7089840F4004008900FE09DF8160053
:102160000007002805D5FFE7089840F48030089064
:1021700003E0099800F0F2FFFFE7FFE7FFE7FFE762
:10218000FFE79DF81C000007002810D5FFE79DF829
:102190001000C006002809D5FFE7089840F4007039
:1021A0000890099801681020C860FFE7FFE79DF8D4
:1021B0001C00400700280FD5FFE79DF8100000071E
:1021C000002808D5FFE7099801680820C860099829
:1021D00000F0D0FAFFE7FFE79DF81C008007002819
:1021E0000BD5FFE709980068C068800720B1FFE7BA
:1021F000099800F0C3FAFFE7FFE79DF81C004006CE
:10220000002810D5FFE79DF80C00C006002809D56E
:10221000FFE7089840F48060089009980168102052
:102220000861FFE7FFE79DF81C00800600280FD536
:10223000FFE79DF80C000007002808D5FFE7099884
:10224000016808200861099800F08AFCFFE7FFE7B1
:102250009DF81C00C00600280BD5FFE70998006810
:102260000069800720B1FFE7099800F07DFCFFE7D7
:10227000FFE79DF81E00800700280FD5FFE79DF8B7
:102280001800C006002808D5FFE70998016810204B
:102290004860099800F008FFFFE7FFE79DF81E007F
:1022A000C00778B1FFE79DF818000007002808D59F
:1022B000FFE70998016808204860099800F056FF78
:1022C000FFE7FFE79DF81D000006002840F18D8024
:1022D000FFE79DF818004007002840F18180FFE7E4
:1022E0009DF81D00C00750B1FFE79DF80800C0072A
:1022F00028B1FFE7089840F001000890FFE79DF83B
:102300001D00800700280BD5FFE79DF80800800717
:10231000002805D5FFE7089840F002000890FFE785
:102320009DF81D00400700280BD5FFE79DF8080029
:102330004007002805D5FFE7089840F00400089002
:10234000FFE79DF81D000007002848D5FFE79DF82E
:10235000080010F0700F42D0FFE7029800F0700004
:1023600001460191102814D0FFE70198202815D0CC
:10237000FFE70198302816D0FFE70198402817D0D2
:10238000FFE70198502818D0FFE70198602819D07E
:102390001DE0089840F00800089019E0089840F007
:1023A0001000089014E0089840F0200008900FE01A
:1023B000089840F0400008900AE0089840F080003B
:1023C000089005E0089840F48070089000E0FFE76E
:1023D00009980168886920F070008861FFE7FFE7CD
:1023E0000998016804204860FFE7089848B1FFE7B2
:1023F000089A0999486A104348620998FFF79AFCBD
:10240000FFE70AB080BD000080B584B0029002985A
:1024100020B9FFE701208DF80F00E0E0029890F866
:10242000200020B9FFE7029800F0DEF8FFE70298ED
:102430000168086840F00100086001F0F3FB0190BA
:10244000FFE7029800684068C007A8B9FFE701F0FD
:10245000E9FB0199401A0B280DD3FFE70299486A5E
:1024600040F4003048620299052081F820000120E4
:102470008DF80F00B3E0E4E702980168086820F0E7
:102480000200086001F0CEFB0190FFE702980068AF
:1024900040688007002815D5FFE701F0C3FB0199CC
:1024A000401A0B280DD3FFE70299486A40F4003028
:1024B00048620299052081F8200001208DF80F0064
:1024C0008DE0E3E70298007E012807D1FFE702983C
:1024D0000168086840F08000086006E00298016822
:1024E000086820F080000860FFE70298407E01281D
:1024F00007D1FFE702980168086840F040000860D3
:1025000006E002980168086820F040000860FFE7D4
:102510000298807E012807D1FFE7029801680868C9
:1025200040F02000086006E002980168086820F08A
:1025300020000860FFE70298C07E012807D1FFE76E
:1025400002980168086820F01000086006E0029810
:102550000168086840F010000860FFE70298007FFB
:10256000012807D1FFE702980168086840F00800D9
:10257000086006E002980168086820F0080008601A
:10258000FFE70298407F012807D1FFE70298016822
:10259000086840F00400086006E0029801680868D6
:1025A00020F004000860FFE7029B19685A689868E9
:1025B000D3F80CC040EA0C00D3F810C040EA0C007D
:1025C0005B691843013A1043C861029900204862D0
:1025D000029A012182F820108DF80F00FFE79DF884
:1025E0000F0004B080BD000080B590B00F900020B7
:1025F0000E900D900C900B900A900F98006846F288
:102600000041C4F2000188424BD1FFE740F20820AC
:10261000C2F200000168013101600068012812D196
:10262000FFE7FFE70020099043F64000C4F20200F4
:10263000016841F000710160006800F000700990CD
:102640000998FFE7FFE7FFE70020089043F6300016
:10265000C4F20200016841F001010160006800F06D
:10266000010008900898FFE74FF4C0500A9002203C
:102670000B90002003900C90032002900D900920F5
:102680000E900020C4F202000AA901F0D7F80299C6
:10269000039A1420049001F05DFB049801F050FBB4
:1026A00065E00F98006846F60001C4F20001884218
:1026B0005CD1FFE7FFE70020079043F64000C4F23B
:1026C0000200016841F080610160006800F08060F4
:1026D00007900798FFE740F20820C2F20000016867
:1026E000013101600068012812D1FFE7FFE70020F7
:1026F000069043F64000C4F20200016841F0007108
:102700000160006800F0007006900698FFE7FFE7A0
:10271000FFE70020059043F63000C4F20200016894
:1027200041F002010160006800F002000590059888
:10273000FFE74FF440500A9002200B9000200090D9
:102740000C9003200D9009200E9040F20040C4F23E
:1027500002000AA901F072F8009A41200190114686
:1027600001F0F8FA019801F0EBFAFFE7FFE710B08B
:1027700080BD000081B0009001B0704780B584B08A
:10278000039040F21010C2F2000000210EF0DAFABD
:10279000002840F0E381FFE740F28720C2F200000A
:1027A0000078002800F0DA81FFE740F2EC40C2F246
:1027B00000000EF08FF950BBFFE743F26751C2F201
:1027C00000010020087040F28321C2F20001087865
:1027D00040F00100087041F68E50C2F20000B0F9DE
:1027E0000000404200EE100AB8EEC00A40F2EC4091
:1027F000C2F20000B0F90A0001EE100AF8EEC10AB8
:1028000040F6F030C2F200000EF034FBFCE040F283
:102810007440C2F200000EF05DF950BBFFE743F2D6
:102820006451C2F200010020087040F28321C2F21C
:102830000001087840F00200087041F29E60C2F288
:102840000000B0F90000404200EE100AB8EEC00AE5
:1028500040F27440C2F20000B0F90A0001EE100A22
:10286000F8EEC10A40F61030C2F200000EF002FB92
:10287000C9E040F22440C2F200000EF02BF948BB40
:10288000FFE743F26251C2F200010020087040F2FB
:102890008321C2F20001087840F00400087040F281
:1028A0008020C2F20000B0F9000000EE100AB8EE7D
:1028B000C00A40F22440C2F20000B0F90A0001EE62
:1028C000100AF8EEC10A40F63020C2F200000EF005
:1028D000D1FA97E040F29C40C2F200000EF0FAF804
:1028E00050BBFFE743F26551C2F2000100200870BF
:1028F00040F28321C2F20001087840F0080008701D
:1029000041F29C60C2F20000B0F90000404200EECB
:10291000100AB8EEC00A40F29C40C2F20000B0F9C2
:102920000A0001EE100AF8EEC10A40F6A020C2F239
:1029300000000EF09FFA64E040F2C440C2F20000D2
:102940000EF0C8F850BBFFE743F26651C2F2000137
:102950000020087040F28221C2F20001087840F0A5
:102960000100087041F68C50C2F20000B0F900007E
:10297000404200EE100AB8EEC00A40F2C440C2F273
:102980000000B0F90A0001EE100AF8EEC10A40F6A4
:102990008030C2F200000EF06DFA31E040F24C409F
:1029A000C2F200000EF096F848BBFFE743F2635115
:1029B000C2F200010020087040F28221C2F2000140
:1029C000087840F00200087040F21C20C2F20000BB
:1029D000B0F9000000EE100AB8EEC00A40F24C4018
:1029E000C2F20000B0F90A0001EE100AF8EEC10AC6
:1029F00040F6C010C2F200000EF03CFAFFE7FFE71D
:102A0000FFE7FFE7FFE7FFE740F28320C2F20000A5
:102A100000780F283BD1FFE740F63020C2F20000DB
:102A200090ED0F0ABDEEC00A10EE102A40F6F0300D
:102A3000C2F2000090ED0F0ABDEEC00A10EE103A8F
:102A400040F61030C2F2000090ED0F0ABDEEC00A51
:102A500010EE100A40F6C011C2F2000191ED0F0A0B
:102A6000BDEEC00A10EE10CA6946C1F804C0086085
:102A700040F21010C2F200004FF400710EF094F911
:102A800040F28321C2F2000100200870FFE740F20B
:102A90008220C2F20000007803285ED1FFE740F6F2
:102AA0008030C2F2000090ED0F0ABDEEC00A10EEB9
:102AB000102A40F6A020C2F2000090ED0F0ABDEEF1
:102AC000C00A10EE103A6946002002904860086083
:102AD00040F21010C2F2000040F2FF110EF064F953
:102AE000029840F28221C2F20001087040F22440B4
:102AF000C2F20000B0F90A0040F27441C2F20001D3
:102B0000B1F90A10401A40F2EC41C2F20001B1F9E9
:102B10000A10401A40F24C41C2F20001B1F90A1009
:102B2000084440F2C441C2F20001B1F90A10401A4F
:102B300040F29C41C2F20001B1F90A10401A4AF673
:102B4000AB21C2F6AA2150FB01F000EBD07040F29D
:102B50008421C2F200010880FFE7FFE704B080BDD6
:102B600081B0009001B0704780B58EB00D9000200C
:102B70008DF8330008208DF83200FFE70D98012111
:102B8000FFF7DCF8014600200A9041B1FFE79DF80D
:102B9000331000200829B8BF01200A90FFE70A98E7
:102BA000C007002800F05F82FFE79DF83300013086
:102BB0008DF8330040F28410C2F2000001210EF0C3
:102BC000C1F808B1FFE74EE240F2F830C2F200006F
:102BD0000DF0AAFE48B9FFE743F26A51C2F20001C4
:102BE0000020087008F03EFD33E140F2CC30C2F224
:102BF00000000DF099FE48B9FFE743F26951C2F2B7
:102C000000010020087008F0FDFD21E140F2E8001D
:102C1000C2F200000DF05EFF002840F08180FFE767
:102C200043F26051C2F200010020087040F2E80057
:102C3000C2F200000DF002FF40F2D800C2F2000024
:102C40000078012836D1FFE740F2E400C2F200002C
:102C500090ED000AB8EEC00A40F2E800C2F20000AF
:102C6000089090ED041AF8EEC10A40F24060C2F2FA
:102C7000000007900EF0FEF80799089891ED0F0AF2
:102C8000B0F90A0001EE100AF8EEC10A40F2B06095
:102C9000C2F2000009900EF0EDF8099890ED0F0ACD
:102CA000BDEEC00A10EE100A42F26251C2F20001FB
:102CB000088034E040F2D800C2F200000078032817
:102CC0002CD1FFE740F2E800C2F20000016940F2B7
:102CD000E402C2F200021160016940F2DC02C2F2B9
:102CE00000021160B0F90A0000EE100AF8EEC00A06
:102CF00040F2B060C2F2000006909FEDE50A0EF0CF
:102D0000B9F8069890ED0F0ABDEEC00A10EE100A51
:102D100042F26251C2F200010880FFE7FFE796E04D
:102D200040F28C30C2F200000DF0D4FE002840F0DA
:102D30008D80FFE743F20451C2F2000108780130B0
:102D4000087043F26851C2F200010020087040F29E
:102D50008C30C2F200000DF071FE40F2BC30C2F2C5
:102D600000000078012836D1FFE740F2C830C2F2F7
:102D7000000090ED000AB8EEC00A40F28C30C2F2BA
:102D80000000049090ED041AF8EEC10A40F660408D
:102D9000C2F2000003900EF06DF80399049891EDD3
:102DA0000F0AB0F90A0001EE100AF8EEC10A40F667
:102DB0004050C2F2000005900EF05CF8059890EDCE
:102DC0000F0ABDEEC00A10EE100A42F26051C2F2C4
:102DD0000001088039E040F2BC30C2F20000007807
:102DE00005282AD1FFE742F26051C2F200014FF2FA
:102DF0004840088040F28C30C2F20000B0F90A006E
:102E000010F11D0F11DBFFE740F28C30C2F2000021
:102E1000B0F90A001D2808DCFFE740F2C431C2F215
:102E2000000108880130088006E040F2C431C2F297
:102E3000000100200880FFE706E042F26051C2F284
:102E4000000100200880FFE7FFE7FFE7FFE7FFE75B
:102E5000FFE740F28410C2F20000C069029012281D
:102E60000AD0FFE70298132853D0FFE70298B0F585
:102E7000907F00F09C80F4E040F28411C2F20001E7
:102E800091F8382091F8390040EA022040F20022FF
:102E9000C2F200021080107800F0010043F26B5380
:102EA000C2F200031870108800F0020343F20650CB
:102EB000C2F2000003801388C3F3800342F6A00C23
:102EC000C2F2000C8CF80030128802F0080242F2C4
:102ED0008953C2F200031A70007843F21852C2F20A
:102EE0000002107091F83B2041F2A860C2F200008D
:102EF000027091F83A20427091F83D20827091F86A
:102F00003C10C170006840F23801C2F20001086054
:102F1000A8E040F28411C2F2000191F8392041F298
:102F2000A060C2F20000027091F83820427091F85F
:102F30003B20827091F83A10C170016842F244401F
:102F4000C2F20000016090ED000A9FED531AB4EE4A
:102F5000410AF1EE10FA0DDDFFE742F24440C2F201
:102F6000000090ED000A9FED4F1A30EE010A80ED4F
:102F7000000A1BE042F24440C2F2000090ED000A59
:102F80009FED461AB4EE410AF1EE10FA0DDAFFE7B2
:102F900042F24440C2F2000090ED000A9FED401A58
:102FA00030EE010A80ED000AFFE7FFE75AE040F249
:102FB0008410C2F2000090F8382090F8391041EAED
:102FC0000221ADF83010BDF83010C1F3401140F2CD
:102FD000F912C2F200021170BDF83010C1F3801175
:102FE00040F2FA12C2F2000211709DF83010C909C5
:102FF00040F2FB12C2F200021170BDF83010C1F3B2
:10300000002140F2FC12C2F200021170BDF8301033
:10301000C1F3402140F2F812C2F200021170BDF873
:103020003010C1F3C02140F2FD12C2F20002117053
:1030300090F83A1090F83B0040EA0120ADF82E00DD
:10304000BDF92E0000EE100AB8EEC00A9FED111A6D
:1030500080EE010A42F2AC20C2F2000080ED000ACC
:1030600000E0FFE78AE542F26250C2F20000B0F9E8
:103070000020684600234360036040F28410C2F2DF
:1030800000004FF400710DF08FFE0EB080BD00BF48
:10309000000000000000C84200003443000034C3B8
:1030A0000000B4430000B4C381B0009001B0704789
:1030B00080B584B00290029890F8200001282FD1AA
:1030C000FFE70299022081F8200002980168086851
:1030D00020F00100086000F0A5FD0190FFE70298D4
:1030E00000684068C007A8B1FFE700F09BFD0199A8
:1030F000401A0B280DD3FFE70299486A40F40030CC
:1031000048620299052081F8200001208DF80F0007
:103110000FE0E4E70299002048628DF80F0008E014
:103120000299486A40F40020486201208DF80F009F
:10313000FFE79DF80F0004B080BD000081B0009053
:1031400001B0704781B0009001B0704781B000902D
:1031500001B0704781B0009001B0704781B000901D
:1031600001B0704781B0009001B0704781B000900D
:1031700001B0704780B584B002900298806D0190D4
:1031800000F050FD0090029890F8350002280DD014
:10319000FFE7029980204865FFE70299002081F847
:1031A0003400FFE701208DF80F0055E00298016818
:1031B000086820F01600086002980168486920F04D
:1031C000800048610298006C20B9FFE70298806C8B
:1031D00038B1FFE702980168086820F0080008602D
:1031E000FFE702980168086820F001000860FFE727
:1031F000029800680068C007C8B1FFE700F012FD40
:103200000099401A062811D3FFE70299202048654B
:103210000299032081F83500FFE70299002081F828
:103220003400FFE703208DF80F0015E0E0E7029877
:10323000C16D3F208840019988600299012081F882
:103240003500FFE70299002081F83400FFE7FFE72F
:1032500000208DF80F00FFE79DF80F0004B080BD3F
:1032600082B00090009890F83500022807D0FFE760
:1032700000998020486501208DF807000EE0009934
:10328000052081F8350000980168086820F00100E9
:103290000860FFE700208DF80700FFE79DF80700B2
:1032A00002B0704780B586B005900020039040F2D0
:1032B0001000C2F20000006848F2B511C1F64E31AC
:1032C000A0FB0110800A02900598806D0190019882
:1032D0000068049004980599C96DC840000700284B
:1032E0001AD5FFE70598006800684007002812D546
:1032F000FFE705980168086820F004000860059859
:10330000C16D08208840019988600599486D40F09A
:1033100001004865FFE7FFE704980599C96DC840BB
:10332000C007A0B1FFE705980068406900060028C3
:103330000CD5FFE70598C16D012088400199886090
:103340000599486D40F002004865FFE7FFE70498E3
:103350000599C96DC8404007002814D5FFE70598B6
:1033600000680068800700280CD5FFE70598C16D4C
:1033700004208840019988600599486D40F0040058
:103380004865FFE7FFE704980599C96DC840C00686
:10339000002847D5FFE70598006800680007002867
:1033A0003FD5FFE70598C16D1020884001998860DE
:1033B000059800680068400300281AD5FFE70598C3
:1033C000006800680003002809D4FFE70598006C36
:1033D00020B1FFE70598016C8847FFE708E00598F2
:1033E000806C20B1FFE70598816C8847FFE7FFE715
:1033F00016E0059800680068C005002807D4FFE7BC
:1034000005980168086820F008000860FFE7059843
:10341000006C20B1FFE70598016C8847FFE7FFE7E4
:10342000FFE7FFE704980599C96DC84080060028AA
:1034300040F18D80FFE7059800680068C00600280D
:1034400040F18480FFE70598C16D202088400199F4
:103450008860059890F83500052834D1FFE7059875
:103460000168086820F0160008600598016848693E
:1034700020F0800048610598006C20B9FFE70598AE
:10348000806C38B1FFE705980168086820F00800F3
:103490000860FFE70598C16D3F208840019988606A
:1034A0000599012081F83500FFE70599002081F892
:1034B0003400FFE70598006D20B1FFE70598016D26
:1034C0008847FFE77BE00598006800684003002814
:1034D0001AD5FFE70598006800680003002809D4A2
:1034E000FFE70598406C20B1FFE70598416C8847DD
:1034F000FFE708E00598C06B20B1FFE70598C16BB6
:103500008847FFE7FFE720E0059800680068C005EE
:10351000002811D4FFE705980168086820F0100022
:1035200008600599012081F83500FFE70599002022
:1035300081F83400FFE7FFE70598C06B20B1FFE793
:103540000598C16B8847FFE7FFE7FFE7FFE70598AE
:10355000406DA0B3FFE70598406DC00730B3FFE7AB
:103560000599052081F8350005980168086820F064
:1035700001000860FFE70398013003900299884238
:1035800001D9FFE707E0FFE7059800680068C0077A
:103590000028F0D1FFE70599012081F83500FFE709
:1035A0000599002081F83400FFE7FFE70598C06C1B
:1035B00020B1FFE70598C16C8847FFE7FFE706B039
:1035C00080BD000080B586B004900020039000F01C
:1035D00029FB0290049820B9FFE701208DF817001D
:1035E000A3E00498406A08B1FFE7FFE704990220CE
:1035F00081F83500FFE70499002081F83400FFE7E7
:1036000004980168086820F001000860FFE704984A
:1036100000680068C00790B1FFE700F003FB029963
:10362000401A06280AD3FFE7049920204865049928
:10363000032081F835008DF8170076E0E7E704985D
:10364000006800680390039848F23F01CFF2100130
:1036500008400390049900914868D1F808C0CB68ED
:103660000A6940EA0C00184310434A6910438A690A
:103670001043CA691043096A014303980843039041
:103680000498406A042808D1FFE70499C86A096BC6
:103690000143039808430390FFE7039804990968DE
:1036A00008600498006840690390039820F00700C0
:1036B00003900498416A0398084303900498406A71
:1036C00004281AD1FFE70498816A039808430390FD
:1036D0000498C06A80B1FFE70498FEF7DFF850B1A4
:1036E000FFE70499402048650499012081F83500DE
:1036F0008DF8170019E0FFE7FFE7039804990968C0
:1037000048610498FEF79EF801900498C16D3F202F
:10371000884001998860049900204865049A012135
:1037200082F835108DF81700FFE79DF8170006B0F6
:1037300080BD000080B588B0069005910492039387
:1037400000208DF80B000698806D0190FFE7069829
:1037500090F83400012804D1FFE702208DF81F0003
:1037600045E00699012081F83400FFE7FFE706985D
:1037700090F8350001282BD1FFE70699022081F847
:10378000350006990020486506980599049A039B20
:10379000FEF7FCF80698C16D3F20884001998860CB
:1037A00006980168086840F0160008600698006CEA
:1037B00038B1FFE706980168086840F00800086023
:1037C000FFE706980168086840F00100086009E01A
:1037D000FFE70699002081F83400FFE702208DF80A
:1037E0000B00FFE79DF80B008DF81F00FFE79DF829
:1037F0001F0008B080BD000080B584B0039000F0C9
:1038000011FA0290039801900198013048B1FFE746
:1038100040F23C00C2F20000017801980844019097
:10382000FFE7FFE700F0FEF90299401A019988428C
:1038300001D2FFE7F6E704B080BD00008EB00D9026
:103840000C9100200A90099008900B90FFE70B98CC
:103850000F2800F2CC81FFE70B99012088400A90E5
:103860000C9800680A990840099009980A998842BA
:1038700040F0B881FFE70C98406800F00300012891
:1038800007D0FFE70C98406800F0030002282FD112
:10389000FFE70D98806808900B984100032000FA1C
:1038A00001F10898884308900C98C0680B9949006A
:1038B00000FA01F108980843089008980D9988606B
:1038C0000D98406808900B99012000FA01F10898C2
:1038D000884308900C984068C0F300100B9900FAD8
:1038E00001F108980843089008980D994860FFE78F
:1038F0000C98406800F00300032818D0FFE70D98EB
:10390000C06808900B984100032000FA01F1089864
:10391000884308900C9880680B99490000FA01F1DF
:1039200008980843089008980D99C860FFE70C981C
:10393000406800F00300022826D1FFE70D980B999C
:103940006FF0030202EA51010844006A08900B98E4
:1039500000F0070081000F2000FA01F10898884369
:1039600008900C9800690B9901F00701890000FA92
:1039700001F108980843089008980D990B9B02EAFA
:10398000530211440862FFE70D98006808900B98F5
:103990004100032000FA01F10898884308900C9830
:1039A000406800F003000B99490000FA01F1089803
:1039B0000843089008980D9908600C988079800752
:1039C000002800F00E81FFE7FFE70020079043F694
:1039D0004400C4F20200016841F4804101600068C3
:1039E00000F4804007900798FFE70B9820F0030051
:1039F00043F60801C4F20101405808900B9800F00A
:103A0000030081000F2000FA01F108988843089014
:103A10000D980021C4F20201884203D1FFE7002083
:103A200006905EE00D9840F20041C4F20201884227
:103A300003D1FFE70120059050E00D9840F600010A
:103A4000C4F20201884203D1FFE70220049042E061
:103A50000D9840F60041C4F20201884203D1FFE70D
:103A60000320039034E00D9841F20001C4F20201FA
:103A7000884203D1FFE70420029026E00D9841F22E
:103A80000041C4F20201884203D1FFE70520019002
:103A900018E00D9841F60001C4F20201884203D1FA
:103AA000FFE7062000900AE00D9941F60042C4F2BB
:103AB00002020820914208BF07200090FFE700980B
:103AC0000190FFE701980290FFE702980390FFE75B
:103AD00003980490FFE704980590FFE70598069087
:103AE000FFE70698C0B20B9901F00301890000FAC4
:103AF00001F108980843089008980B9921F00301F8
:103B000043F60802C4F20102885043F60840C4F2AA
:103B100001000068089009990898884308900C985B
:103B20008079C006002805D5FFE709990898084361
:103B30000890FFE7089843F60841C4F201010860C5
:103B400043F60C40C4F201000068089009990898F7
:103B5000884308900C9880798006002805D5FFE7F7
:103B60000999089808430890FFE7089843F60C4124
:103B7000C4F20101086043F60440C4F20100006889
:103B8000089009990898884308900C9880798007D4
:103B9000002805D5FFE70999089808430890FFE732
:103BA000089843F60441C4F20101086043F600405E
:103BB000C4F20100006808900999089888430890A9
:103BC0000C988079C00728B1FFE709990898084345
:103BD0000890FFE7089843F60041C4F2010108602D
:103BE000FFE7FFE7FFE70B9801300B902FE60EB0E1
:103BF0007047000082B00190ADF802108DF80120EE
:103C00009DF8010028B1FFE7BDF802000199886125
:103C100005E0BDF80200000401998861FFE702B0E9
:103C20007047000043F27050C2F200000068704715
:103C300040F23C00C2F20000027843F27051C2F23E
:103C400000010868104408607047000080B543F622
:103C50000041C4F20201086840F40070086008687E
:103C600040F480600860086840F4807008600320B9
:103C700000F08AF80F2000F005F800F03BF8002073
:103C800080BD000080B582B0009040F21000C2F20A
:103C90000000006840F23C01C2F200010A784FF4D3
:103CA0007A71B1FBF2F1B0FBF1F001F0B9FA20B199
:103CB000FFE701208DF8070018E000980F280DD8C5
:103CC000FFE700994FF0FF30002200F043F8009822
:103CD00040F24001C2F20001086003E001208DF8CB
:103CE000070003E000208DF80700FFE79DF80700BC
:103CF00002B080BD82B0FFE70020019043F644008F
:103D0000C4F20200016841F480410160006800F4DF
:103D1000804001900198FFE7FFE70020009043F604
:103D20004000C4F20200016841F080510160006867
:103D300000F0805000900098FFE702B0704700004C
:103D400080B582B08DF807009DF907000DF080FB6B
:103D500002B080BD80B586B08DF817000491039243
:103D6000002002900DF08CFB02909DF9170001904D
:103D700002980499039A04F053FF014601980DF04C
:103D800087FB06B080BD000080B582B0019001982D
:103D90000DF0A0FB02B080BD80B584B0029001910F
:103DA000029820B9FFE701208DF80F0021E101986A
:103DB00043F60041C4F20201096801F0070188429C
:103DC00012D9FFE7019943F60040C4F202000170E6
:103DD000006800F007000199884204D0FFE7012045
:103DE0008DF80F0005E1FFE70298007880070028B2
:103DF0002AD5FFE7029800784007002809D5FFE799
:103E000043F60801C4F20201086840F4E05008607B
:103E1000FFE7029800780007002809D5FFE743F67E
:103E20000801C4F20201086840F460400860FFE73E
:103E300043F60801C4F20201086820F0F000029A7B
:103E4000926810430860FFE702980078C0070028D6
:103E50006ED0FFE702984068012811D1FFE743F6D2
:103E60000000C4F20200006800F400310020B0EB52
:103E7000514F04D1FFE701208DF80F00B9E02CE08D
:103E800002984068022805D0FFE70298406803289E
:103E900011D1FFE743F60000C4F20200006800F011
:103EA00000710020B0EB516F04D1FFE701208DF8C5
:103EB0000F009EE010E043F60000C4F2020000682C
:103EC00000F002010020B0EB510F04D1FFE7012008
:103ED0008DF80F008DE0FFE7FFE743F60801C4F21D
:103EE0000201086820F00300029A5268104308603B
:103EF000FFF798FE0090FFE743F60800C4F20200C7
:103F0000006800F00C0002994968B0EB810F0ED0F8
:103F1000FFE7FFF787FE0099401A41F28931884296
:103F200004D3FFE703208DF80F0062E0E4E7FFE72A
:103F3000019843F60041C4F20201096801F007014B
:103F4000884212D2FFE7019943F60040C4F2020012
:103F50000170006800F007000199884204D0FFE773
:103F600001208DF80F0044E0FFE702980078400739
:103F700000280CD5FFE743F60801C4F202010868E7
:103F800020F4E050029AD26810430860FFE70298DC
:103F90000078000700280DD5FFE743F60801C4F2BA
:103FA0000201086820F46040029A126940EAC200E7
:103FB0000860FFE700F04CF843F60801C4F2020184
:103FC0000968C9B20A0944F20861C0F60101895CB6
:103FD000C84040F21001C2F20001086040F2400007
:103FE000C2F200000068FFF74DFE00208DF80F00C0
:103FF000FFE79DF80F0004B080BD000040F2100004
:10400000C2F200000068704780B5FFF7F7FF43F683
:104010000801C4F202010968C1F3822244F2186166
:10402000C0F60101895CC84080BD000080B5FFF783
:10403000E5FF43F60801C4F20201096889B24A0BA0
:1040400044F21861C0F60101895CC84080BD0000DF
:1040500080B586B00020059004900390029043F64E
:104060000800C4F20200006800F00C000146019153
:1040700040B1FFE7019804280AD0FFE7019808281B
:104080000CD04FE042F20040C0F2F40002904FE04A
:1040900047F64000C0F27D10029049E043F604006C
:1040A000C4F20200016801F03F010591006840027E
:1040B000002813D5FFE743F60400C4F202000068AD
:1040C000C0F3881047F64001C0F27D11A0FB01014A
:1040D000059A0023FCF736F9049012E043F6040039
:1040E000C4F202000068C0F3881042F20041C0F23E
:1040F000F401A0FB0101059A0023FCF723F90490C9
:10410000FFE743F60400C4F20200006800F4403107
:10411000022000EBD130039004980399B0FBF1F03A
:10412000029005E042F20040C0F2F4000290FFE786
:10413000029806B080BD000080B586B00490049857
:1041400020B9FFE701208DF8170050E304980078AC
:10415000C007002800F0A580FFE743F60800C4F27E
:104160000200006800F00C00042813D0FFE743F6BB
:104170000800C4F20200006800F00C0008281ED1FC
:10418000FFE743F60400C4F2020000684002002882
:1041900015D5FFE743F60000C4F20200006800F402
:1041A00000310020B0EB514F08D0FFE70498406881
:1041B00020B9FFE701208DF8170018E370E0FFE752
:1041C00004984068B0F5803F09D1FFE743F600014D
:1041D000C4F20201086840F48030086020E00498CE
:1041E0004068B0F5A02F0DD1FFE743F60001C4F2FF
:1041F0000201086840F480200860086840F48030BC
:1042000008600CE043F60001C4F20201086820F4E3
:1042100080300860086820F480200860FFE7FFE72E
:10422000FFE704984068E8B1FFE7FFF7FBFC039065
:10423000FFE743F60000C4F20200006800F400311A
:104240000020B0EB514F0CD1FFE7FFF7EBFC0399D7
:10425000401A652804D3FFE703208DF81700C6E253
:10426000E7E71CE0FFF7DEFC0390FFE743F6000002
:10427000C4F20200006800F400310020B0EB514F9E
:104280000CD0FFE7FFF7CEFC0399401A652804D352
:10429000FFE703208DF81700A9E2E7E7FFE7FFE754
:1042A000FFE7049800788007002840F19680FFE738
:1042B00043F60800C4F20200006810F00C0F13D09F
:1042C000FFE743F60800C4F20200006800F00C00AB
:1042D00008282CD1FFE743F60400C4F2020000686E
:1042E0004002002823D4FFE743F60000C4F2020096
:1042F000006800F002010020B0EB510F09D0FFE789
:104300000498C068012804D0FFE701208DF8170049
:104310006DE243F60001C4F20201086820F0F800E3
:10432000049A126940EAC2000860FFE754E004986A
:10433000C06870B3FFE70021C4F247210120086084
:10434000FFF770FC0390FFE743F60000C4F20200A1
:10435000006800F002010020B0EB510F0CD1FFE724
:10436000FFF760FC0399401A032804D3FFE70320FA
:104370008DF817003BE2E7E743F60001C4F20201C3
:10438000086820F0F800049A126940EAC200086048
:1043900021E00021C4F2472100200860FFF742FC21
:1043A0000390FFE743F60000C4F20200006800F04B
:1043B00002010020B0EB510F0CD0FFE7FFF732FCF9
:1043C0000399401A032804D3FFE703208DF8170050
:1043D0000DE2E7E7FFE7FFE7FFE704980078000753
:1043E00000284BD5FFE70498406918B3FFE740F673
:1043F0008061C4F2472101200860FFF713FC03909D
:10440000FFE743F67400C4F20200006800F0020106
:104410000020B0EB510F0CD1FFE7FFF703FC03992D
:10442000401A032804D3FFE703208DF81700DEE1CC
:10443000E7E722E040F68061C4F2472100200860EF
:10444000FFF7F0FB0390FFE743F67400C4F20200AD
:10445000006800F002010020B0EB510F0CD0FFE724
:10446000FFF7E0FB0399401A032804D3FFE703207A
:104470008DF81700BBE1E7E7FFE7FFE70498007856
:104480004007002840F1CE80FFE700208DF80700AC
:1044900043F64000C4F202000068C000002815D4B2
:1044A000FFE7FFE70020009043F64000C4F202005F
:1044B000016841F080510160006800F08050009078
:1044C0000098FFE701208DF80700FFE747F20000A2
:1044D000C4F200000068C005002822D4FFE747F2BC
:1044E0000001C4F20001086840F480700860FFF722
:1044F00099FB0390FFE747F20000C4F20000006858
:10450000C00500280CD4FFE7FFF78CFB0399401A85
:10451000032804D3FFE703208DF8170067E1EAE7DB
:10452000FFE7FFE704988068012809D1FFE743F619
:104530007001C4F20201086840F0010008601FE049
:104540000498806805280DD1FFE743F67001C4F296
:104550000201086840F004000860086840F00100AB
:1045600008600CE043F67001C4F20201086820F014
:1045700001000860086820F004000860FFE7FFE71A
:10458000FFE704988068F8B1FFE7FFF74BFB039063
:10459000FFE743F67000C4F20200006800F0020179
:1045A0000020B0EB510F0ED1FFE7FFF73BFB039963
:1045B000401A41F28931884204D3FFE703208DF885
:1045C000170014E1E5E71EE0FFF72CFB0390FFE77F
:1045D00043F67000C4F20200006800F002010020FF
:1045E000B0EB510F0ED0FFE7FFF71CFB0399401A09
:1045F00041F28931884204D3FFE703208DF8170088
:10460000F5E0E5E7FFE79DF80700012809D1FFE79E
:1046100043F64001C4F20201086820F080500860AF
:10462000FFE7FFE704988069002800F0DC80FFE7DF
:1046300043F60800C4F20200006800F00C000828ED
:1046400000F08580FFE70498806902285CD1FFE7CD
:104650006021C4F2472100200860FFF7E3FA0390CD
:10466000FFE743F60000C4F20200006800F00071AA
:104670000020B0EB516F0CD0FFE7FFF7D3FA03999E
:10468000401A032804D3FFE703208DF81700AEE09B
:10469000E7E70499C869D1F820C04B6A8A6A40EA02
:1046A0000C0040EA8310D2034FF6FF739A43A2F541
:1046B00080321043C96A40EA016043F60401C4F243
:1046C000020108606021C4F2472101200860FFF761
:1046D000A9FA0390FFE743F60000C4F20200006865
:1046E00000F000710020B0EB516F0CD1FFE7FFF735
:1046F00099FA0399401A032804D3FFE703208DF8A1
:10470000170074E0E7E721E06021C4F247210020B0
:104710000860FFF787FA0390FFE743F60000C4F252
:104720000200006800F000710020B0EB516F0CD067
:10473000FFE7FFF777FA0399401A032804D3FFE74E
:1047400003208DF8170052E0E7E7FFE74AE00498FE
:104750008069012804D1FFE701208DF8170046E0A9
:1047600043F60400C4F202000068029004988069D5
:10477000012831D0FFE7029800F480000499C9694C
:10478000884229D1FFE7029800F03F000499096AA6
:10479000884221D1FFE7029847F6C071084004998A
:1047A000496AB0EB811F17D1FFE7029800F440304F
:1047B0000499896AC9034FF6FF729143A1F58031CC
:1047C000884209D1FFE7029800F070600499C96A35
:1047D000B0EB016F04D0FFE701208DF8170006E071
:1047E000FFE7FFE7FFE700208DF81700FFE79DF8E0
:1047F000170006B080BD000080B584B0029002981A
:1048000020B9FFE701208DF80F0071E00298406A9F
:1048100060B9FFE702984068B0F5827F01D1FFE7F9
:1048200003E002990020C861FFE705E0029900203B
:10483000086102994861FFE70299002088620298A6
:1048400090F8510040B9FFE70299002081F850002C
:10485000029800F051F8FFE70299022081F8510018
:1048600002980168086820F040000860029A0192EE
:1048700011685068D2F808C0D36800F482700CF454
:10488000044C604403F400631844136903F002030A
:104890001844536903F001031844936903F4007347
:1048A0001844D36903F038031844136A03F08003F3
:1048B0001843926A02F4005210430860029A508B27
:1048C00000F004001168526A02F0100210444860BF
:1048D00002980168C86920F40060C861029900204C
:1048E0004865029A012182F851108DF80F00FFE708
:1048F0009DF80F0004B080BD80B588B007900020FF
:10490000069005900490039002900798006843F287
:104910000001C4F20101884233D1FFE7FFE7002024
:10492000019043F64400C4F20200016841F4805152
:104930000160006800F4805001900198FFE7FFE7F4
:104940000020009043F63000C4F20200016841F0FC
:1049500001010160006800F0010000900098FFE78D
:10496000E020029002200390002004900320059094
:10497000052006900020C4F2020002A9FEF75EFFA7
:10498000FFE708B080BD000080B588B006900591B3
:10499000ADF812200393069890F85100012804D036
:1049A000FFE702208DF81F0011E1059820B1FFE715
:1049B000BDF8120020B9FFE701208DF81F0006E1C5
:1049C00006984068B0F5827F16D1FFE706988068A8
:1049D00090B9FFE70699042081F851000698059ADE
:1049E000BDF812300399EC46CCF80010114600F0E7
:1049F00045FA8DF81F00EAE0FFF714F90290FFE78F
:104A0000069890F85000012804D1FFE702208DF8A5
:104A10001F00DCE00699012081F85000FFE7FFE766
:104A20000699042081F851000699002048650599EF
:104A3000069A9163BDF81210069A9187BDF812107C
:104A4000069AD18706990863069988860699C886CA
:104A5000069908640699486406988068B0F5004F86
:104A60000DD1FFE706980168086820F04000086053
:104A700006980168086820F480400860FFE70698FF
:104A80000068006800F04000402807D0FFE7069863
:104A90000168086840F040000860FFE70698C068B9
:104AA000D0BBFFE7FFE70698C08FA0B3FFE70698EB
:104AB00000688068C00778B1FFE706980068007B4F
:104AC0000699896B08700699886B0130886306998E
:104AD000C88F0138C8871DE0FFF7A4F80299401A73
:104AE0000399884204D3FFE70398013018B9FFE720
:104AF000039870B9FFE70699012081F85100FFE79C
:104B00000699002081F85000FFE703208DF81F0070
:104B10005DE0FFE7C7E739E0FFE70698C08FA0B385
:104B2000FFE7069800688068C00778B1FFE706983D
:104B30000068C0680699896B08800699886B023006
:104B400088630699C88F0138C8871DE0FFF76AF8A7
:104B50000299401A0399884204D3FFE70398013071
:104B600018B9FFE7039870B9FFE70699012081F8AB
:104B70005100FFE70699002081F85000FFE703206D
:104B80008DF81F0023E0FFE7C7E7FFE706980399CA
:104B9000029A04F087F820B1FFE7069920204865C3
:104BA000FFE70699012081F85100FFE706990020F0
:104BB00081F85000FFE70698406D20B1FFE7012023
:104BC0008DF81F0003E000208DF81F00FFE79DF81F
:104BD0001F0008B080BD000080B588B00690059128
:104BE000ADF812200393FFF71DF80290BDF81200F4
:104BF000ADF80600069890F85100012804D0FFE7B0
:104C000002208DF81F0034E1059820B1FFE7BDF8C0
:104C1000120020B9FFE701208DF81F0029E1FFE70E
:104C2000069890F85000012804D1FFE702208DF883
:104C30001F001EE10699012081F85000FFE7FFE701
:104C40000699032081F851000699002048650599CE
:104C5000069A1163BDF81210069A9186BDF81210DB
:104C6000069AD18606998863069988870699C88727
:104C7000069948640699086406988068B0F5004F64
:104C80000DD1FFE706980168086820F04000086031
:104C900006980168086840F480400860FFE70698BD
:104CA0000068006800F04000402807D0FFE7069841
:104CB0000168086840F040000860FFE70698C06897
:104CC000B0F5006F51D1FFE70698406828B1FFE7C3
:104CD000BDF8060001280ED1FFE706980168006BB9
:104CE0000088C8600699086B023008630699C88E70
:104CF0000138C886FFE7FFE70698C08EA0B3FFE73C
:104D0000069800688068800700280ED5FFE706989F
:104D10000168006B0088C8600699086B0230086360
:104D20000699C88E0138C8861DE0FEF77BFF029900
:104D3000401A0399884204D3FFE70398013018B959
:104D4000FFE7039870B9FFE70699012081F8510049
:104D5000FFE70699002081F85000FFE703208DF857
:104D60001F0086E0FFE7C7E750E00698406828B1DB
:104D7000FFE7BDF8060001280ED1FFE7069801689D
:104D8000006B007808730699086B01300863069978
:104D9000C88E0138C886FFE7FFE70698C08EA0B32B
:104DA000FFE7069800688068800700280ED5FFE7B7
:104DB00006980168006B007808730699086B01304B
:104DC00008630699C88E0138C8861DE0FEF72AFFE1
:104DD0000299401A0399884204D3FFE703980130EF
:104DE00018B9FFE7039870B9FFE70699012081F829
:104DF0005100FFE70699002081F85000FFE70320EB
:104E00008DF81F0035E0FFE7C7E7FFE70698039935
:104E1000029A03F0B9FF20B1FFE706992020486508
:104E2000FFE70698806870B9FFE7FFE70020009071
:104E300006980068C0680090069800688068009036
:104E40000098FFE7FFE70699012081F85100FFE78E
:104E50000699002081F85000FFE70698406D20B1C8
:104E6000FFE701208DF81F0003E000208DF81F00F0
:104E7000FFE79DF81F0008B080BD000080B58CB032
:104E8000DDF838C00A9009910892ADF81E30012073
:104E90000390FEF7C7FE04900A9890F851008DF831
:104EA00017000A9840680690BDF81E00ADF81C0077
:104EB0009DF81700012812D0FFE70698B0F5827F11
:104EC00009D1FFE70A98806828B9FFE79DF8170025
:104ED000042804D0FFE702208DF82F009BE10998F9
:104EE00038B1FFE7089820B1FFE7BDF81E0020B9F0
:104EF000FFE701208DF82F008DE1FFE70A9890F879
:104F00005000012804D1FFE702208DF82F0082E134
:104F10000A99012081F85000FFE7FFE70A9890F80E
:104F20005100042805D0FFE70A99052081F85100B7
:104F3000FFE70A990020486508990A9A9163BDF82D
:104F40001E100A9AD187BDF81E100A9A91870999F6
:104F50000A9A1163BDF81E100A9AD186BDF81E1078
:104F60000A9A91860A9908640A9948640A9800681E
:104F7000006800F04000402807D0FFE70A98016869
:104F8000086840F040000860FFE70A98C068B0F584
:104F9000006F40F08180FFE70A98406828B1FFE782
:104FA000BDF81C0001280ED1FFE70A980168006BCC
:104FB0000088C8600A99086B023008630A99C88E95
:104FC0000138C886FFE7FFE70A98C18E01200190EB
:104FD00039B9FFE70A98C08F002818BF0120019057
:104FE000FFE70198C007002855D0FFE70A9800683E
:104FF00080688007002818D5FFE70A98C08EA0B106
:10500000FFE70398012810D1FFE70A980168006BB9
:105010000088C8600A99086B023008630A99C88E34
:105020000138C88600200390FFE70A98006880686E
:10503000C007A8B1FFE70A98C08F88B1FFE70A98B8
:105040000068C0680A99896B08800A99886B0230E9
:1050500088630A99C88F0138C88701200390FFE749
:10506000FEF7E0FD0499401A0E99884212D3FFE73B
:105070000E98013070B1FFE70A99012081F85100C4
:10508000FFE70A99002081F85000FFE703208DF820
:105090002F00C0E098E782E00A98406828B1FFE757
:1050A000BDF81C0001280ED1FFE70A980168006BCB
:1050B000007808730A99086B013008630A99C88E52
:1050C0000138C886FFE7FFE70A98C18E01200090EB
:1050D00039B9FFE70A98C08F002818BF0120009057
:1050E000FFE70098C007002858D0FFE70A9800683B
:1050F00080688007002818D5FFE70A98C08EA0B105
:10510000FFE70398012810D1FFE70A980168006BB8
:10511000007808730A99086B013008630A99C88EF1
:105120000138C88600200390FFE70A98006880686D
:10513000C007A8B1FFE70A98C08F88B1FFE70A98B7
:105140000068C0680A99896B08700A99886B0130F9
:1051500088630A99C88F0138C88701200390FFE748
:10516000FEF760FD0499401A0E99884204D3FFE7C8
:105170000E98013018B9FFE70E9870B9FFE70A9949
:10518000012081F85100FFE70A99002081F85000C2
:10519000FFE703208DF82F003DE095E7FFE70A9831
:1051A0000E99049A03F0F0FD68B1FFE70A992020F8
:1051B0004865FFE70A99002081F85000FFE70120C9
:1051C0008DF82F0027E00A98806870B9FFE7FFE7A5
:1051D000002002900A980068C06802900A9800684F
:1051E000806802900298FFE7FFE70A99012081F8A2
:1051F0005100FFE70A99002081F85000FFE70A9864
:10520000406D20B1FFE701208DF82F0003E0002062
:105210008DF82F00FFE79DF82F000CB080BD000037
:1052200080B582B00190019803F0ACFE02B080BD61
:1052300081B0009001B0704781B0009001B070471C
:1052400084B00290019100200090FFE7029890F84E
:105250003C00012804D1FFE702208DF80F0044E054
:105260000299012081F83C00FFE7FFE7009820F059
:10527000FF000199C96808430090009820F440702D
:105280000199896808430090009820F48060019992
:10529000496808430090009820F40060019909686B
:1052A00008430090009820F4805001990969084350
:1052B0000090009820F4005001994969084300903B
:1052C000009820F480400199C96908430090009833
:1052D000029909684864FFE70299002081F83C00C0
:1052E000FFE700208DF80F00FFE79DF80F0004B0E6
:1052F0007047000085B003900291FFE7039890F893
:105300003C00012804D1FFE702208DF813007EE065
:105310000399012081F83C00FFE7FFE70399022091
:1053200081F83D0003980068406801900398006888
:1053300080680090019820F0700001900298016848
:1053400001980843019001980399096848600398FF
:1053500000680021C4F2010188423CD0FFE70398B5
:105360000068B0F1804F36D0FFE70398006840F244
:105370000041C4F2000188422DD0FFE70398006885
:1053800040F60001C4F20001884224D0FFE70398F0
:10539000006840F60041C4F2000188421BD0FFE7DC
:1053A0000398006840F20041C4F20101884212D023
:1053B000FFE70398006844F20001C4F2010188424B
:1053C00009D0FFE70398006841F60001C4F200012C
:1053D00088420ED1FFE7009820F0800000900298EC
:1053E0004168009808430090009803990968886014
:1053F000FFE70399012081F83D00FFE703990020B2
:1054000081F83C00FFE700208DF81300FFE79DF8CE
:10541000130005B07047000080B582B0009000987E
:1054200020B9FFE701208DF807003FE0009890F8D1
:105430003D0040B9FFE70099002081F83C0000984A
:1054400000F038F8FFE70099022081F83D0000994C
:1054500051F8040B03F01AFE0099012081F8460070
:10546000FFE70099012081F83E00009981F83F0094
:10547000009981F84000009981F84100FFE7FFE7BB
:105480000099012081F84200009981F843000099B9
:1054900081F84400009981F84500FFE70099012058
:1054A00081F83D0000208DF80700FFE79DF8070018
:1054B00002B080BD80B59AB019901998006800219B
:1054C000C4F20101884225D1FFE7FFE700201890D0
:1054D00043F64400C4F20200016841F0010101609A
:1054E000006800F0010018901898FFE718200C9051
:1054F00000220D921146FEF72DFC0C98FEF720FCC1
:105500000D9A19200E900721FEF724FC0E98FEF745
:1055100017FCA6E11998006840F20041C4F20001AE
:10552000884242D1FFE7FFE70020179043F6400092
:10553000C4F20200016841F002010160006800F05D
:10554000020017901798FFE742F20060C2F20000D5
:105550000B9046F2B801C4F2020101604FF02061E5
:105560004160402181600021C1604FF4806202618E
:105570004FF4006242614FF4005282614FF4807236
:10558000C26101624162FEF71DF818B1FFE7FCF746
:1055900027FAFFE7FFE7199842F20061C2F2000123
:1055A000C16219988863FFE75AE11998006840F6CC
:1055B0000001C4F2000188424DD1FFE7FFE700205F
:1055C000169043F64000C4F20200016841F0040165
:1055D0000160006800F0040016901698FFE742F2A0
:1055E0006060C2F200000A9046F2A001C4F202011B
:1055F00001604FF080614160402181600021C16005
:105600004FF4806202614FF4006242614FF4005235
:1056100082614FF48072C2614FF440320262416293
:10562000FDF7D0FF18B1FFE7FCF7DAF9FFE7FFE776
:10563000199842F26061C2F2000101621998886310
:10564000FFE71E20099000221146FEF783FB099810
:10565000FEF776FB03E11998006840F60041C4F2BA
:10566000000188421BD1FFE7FFE70020159043F6B9
:105670004000C4F20200016841F0080101600068C6
:1056800000F0080015901598FFE7322008900022DE
:105690001146FEF75FFB0898FEF752FBDEE0199813
:1056A000006841F20001C4F2000188421BD1FFE70B
:1056B000FFE70020149043F64000C4F202000168A6
:1056C00041F010010160006800F01000149014987F
:1056D000FFE7362007900A210022FEF73BFB0798E0
:1056E000FEF72EFBB9E01998006841F20041C4F2C0
:1056F000000188421BD1FFE7FFE70020139043F62B
:105700004000C4F20200016841F02001016000681D
:1057100000F0200013901398FFE737200690072130
:105720000022FEF717FB0698FEF70AFB94E0199893
:10573000006840F20041C4F20101884225D1FFE730
:10574000FFE70020129043F64400C4F20200016813
:1057500041F002010160006800F00200129012980E
:10576000FFE72B200390042100220492FEF7F2FAB7
:105770000398FEF7E5FA049A2C2005900621FEF71F
:10578000E9FA0598FEF7DCFA65E01998006844F23A
:105790000001C4F2010188421BD1FFE7FFE70020AE
:1057A000119043F64400C4F20200016841F48031D4
:1057B0000160006800F4803011901198FFE7182014
:1057C000029000221146FEF7C5FA0298FEF7B8FAD9
:1057D00040E01998006844F60001C4F201018842D3
:1057E00012D1FFE7FFE70020109043F64400C4F217
:1057F0000200016841F480210160006800F480200B
:1058000010901098FFE724E01998006841F6000115
:10581000C4F2000188421BD1FFE7FFE700200F9090
:1058200043F64000C4F20200016841F0400101600B
:10583000006800F040000F900F98FFE72B200190C8
:1058400004210022FEF786FA0198FEF779FAFFE7B5
:10585000FFE7FFE7FFE7FFE7FFE7FFE7FFE7FFE718
:10586000FFE71AB080BD000083B00190019890F866
:105870003D00012804D0FFE701208DF80B006AE00D
:105880000199022081F83D0001980168C86840F044
:105890000100C860019800680021C4F2010188423B
:1058A0003CD0FFE701980068B0F1804F36D0FFE7A9
:1058B0000198006840F20041C4F2000188422DD0F6
:1058C000FFE70198006840F60001C4F20001884239
:1058D00024D0FFE70198006840F60041C4F20001BF
:1058E00088421BD0FFE70198006840F20041C4F2F3
:1058F0000101884212D0FFE70198006844F20001DC
:10590000C4F20101884209D0FFE70198006841F61E
:105910000001C4F20001884212D1FFE7019800683B
:10592000806800F0070000900098062807D0FFE785
:1059300001980168086840F001000860FFE706E090
:1059400001980168086840F001000860FFE7002046
:105950008DF80B00FFE79DF80B0003B070470000C7
:1059600080B586B00490039100208DF80B00FFE70E
:10597000049890F83C00012804D1FFE702208DF83C
:105980001700ABE00499012081F83C00FFE7FFE736
:105990000499022081F83D00049800688068019015
:1059A000019820F077000190019820F47F40019049
:1059B000019804990968886003980068009000289D
:1059C00072D0FFE7009810286ED0FFE700982028DB
:1059D0006AD0FFE70098302866D0FFE7009840289B
:1059E00055D0FFE70098502837D0FFE7009860288F
:1059F00040D0FFE7009870280BD0FFE70098B0F583
:105A0000805F05D0FFE70098B0F5005F16D052E048
:105A100055E004980068039B5A689968DB6803F0B6
:105A200009FD0498006880680190019840F07700B3
:105A30000190019804990968886040E00498006822
:105A4000039B5A689968DB6803F0F4FC04980168CA
:105A5000886840F48040886031E004980068039AC8
:105A60005168D26803F0D2FE04980068502103F018
:105A7000FBFC24E004980068039A5168D26803F0A4
:105A8000EDFE04980068602103F0EEFC17E0049836
:105A90000068039A5168D26803F0B8FE0498006861
:105AA000402103F0E1FC0AE00498006803990968CA
:105AB00003F0DAFC03E001208DF80B00FFE7049906
:105AC000012081F83D00FFE70499002081F83C00A7
:105AD000FFE79DF80B008DF81700FFE79DF8170012
:105AE00006B080BD81B0009001B0704781B00090D9
:105AF00001B0704780B584B0039003980068C06817
:105B0000029003980068006901909DF804008007E6
:105B1000002824D5FFE79DF80800800700281DD540
:105B2000FFE7039801686FF0020008610399012004
:105B30000877039800688069800720B1FFE7039821
:105B4000FFF7D4FF06E0039800F06EF9039800F029
:105B500063FAFFE7039900200877FFE7FFE79DF866
:105B600004004007002825D5FFE79DF808004007FE
:105B700000281ED5FFE7039801686FF00400086154
:105B800003990220087703980068806910F4407F29
:105B900004D0FFE70398FFF7A9FF06E0039800F0A1
:105BA00043F9039800F038FAFFE7039900200877DB
:105BB000FFE7FFE79DF804000007002824D5FFE772
:105BC0009DF80800000700281DD5FFE7039801682D
:105BD0006FF00800086103990420087703980068B3
:105BE000C069800720B1FFE70398FFF77FFF06E059
:105BF000039800F019F9039800F00EFAFFE70399F3
:105C000000200877FFE7FFE79DF80400C0060028A2
:105C100025D5FFE79DF80800C00600281ED5FFE740
:105C2000039801686FF01000086103990820087755
:105C300003980068C06910F4407F04D0FFE7039820
:105C4000FFF754FF06E0039800F0EEF8039800F029
:105C5000E3F9FFE7039900200877FFE7FFE79DF8E6
:105C60000400C00778B1FFE79DF80800C00748B1FD
:105C7000FFE7039801686FF001000861039800F0E6
:105C8000A7FCFFE7FFE79DF804000006002810D5F9
:105C9000FFE79DF808000006002809D5FFE70398F4
:105CA00001686FF0800008610398FFF7C1FAFFE711
:105CB000FFE79DF804004006002810D5FFE79DF897
:105CC00008004006002809D5FFE7039801686FF037
:105CD00040000861039800F0C5FFFFE7FFE79DF86B
:105CE00004008006002810D5FFE79DF80800800614
:105CF000002809D5FFE7039801686FF020000861CC
:105D00000398FFF799FAFFE7FFE704B080BD0000B2
:105D100080B58AB009900020089007900690059001
:105D20000490099800680021C4F20101884222D140
:105D3000FFE7FFE70020039043F63000C4F20200C3
:105D4000016841F001010160006800F0010003906A
:105D50000398FFE74FF4C0600490022005900020F4
:105D600006900790012008900020C4F2020004A9C8
:105D7000FDF764FD56E00998006840F20041C4F266
:105D80000001884221D1FFE7FFE70020029043F69F
:105D90003000C4F20200016841F0020101600068B5
:105DA00000F0020002900298FFE701200490022018
:105DB0000590002106910791089040F20040C4F23E
:105DC000020004A9FDF73AFD2BE00998006840F6AF
:105DD0000001C4F20001884222D1FFE7FFE7002062
:105DE000019043F63000C4F20200016841F0020164
:105DF0000160006800F0020001900198FFE74FF495
:105E000000700490022005900021069107910890EF
:105E100040F20040C4F2020004A9FDF70FFDFFE7C5
:105E2000FFE7FFE70AB080BD81B0009001B0704786
:105E300080B586B004900391029200208DF807008F
:105E4000FFE7049890F83C00012804D1FFE7022006
:105E50008DF8170089E00499012081F83C00FFE7E4
:105E6000FFE7029800900C2800F270800099DFE8AC
:105E700001F0076D6D6D206D6D6D3A6D6D6D5300A8
:105E800004980068039903F005FB04980168886989
:105E900040F00800886104980168886920F00400D7
:105EA00088610398026904980168886910438861D1
:105EB00050E004980068039903F062FB04980168BD
:105EC000886940F40060886104980168886920F45A
:105ED000806088610398026904980168886940EAD3
:105EE0000220886136E004980068039903F0C2FB41
:105EF00004980168C86940F00800C8610498016806
:105F0000C86920F00400C861039802690498016818
:105F1000C8691043C8611DE004980068039903F044
:105F200023FC04980168C86940F40060C8610498C3
:105F30000168C86920F48060C86103980269049808
:105F40000168C86940EA0220C86103E001208DF8B9
:105F50000700FFE7FFE70499002081F83C00FFE716
:105F60009DF807008DF81700FFE79DF8170006B0B1
:105F700080BD000080B582B00090009820B9FFE796
:105F800001208DF807003FE0009890F83D0040B9EF
:105F9000FFE70099002081F83C00009800F038F8F5
:105FA000FFE70099022081F83D00009951F8040BA9
:105FB00003F06CF80099012081F84600FFE7009992
:105FC000012081F83E00009981F83F00009981F896
:105FD0004000009981F84100FFE7FFE700990120A8
:105FE00081F84200009981F84300009981F844004B
:105FF000009981F84500FFE70099012081F83D00F4
:1060000000208DF80700FFE79DF8070002B080BD73
:1060100081B0009001B0704781B0009001B070472E
:1060200081B0009001B0704780B58CB00A900991A2
:10603000099828B9FFE70A9890F83E0007901CE0FD
:106040000998042805D1FFE70A9890F83F000690C8
:1060500010E00998082805D1FFE70A9890F8400059
:10606000059004E00A9890F841000590FFE7059834
:106070000690FFE706980790FFE70798012804D0ED
:10608000FFE701208DF82F00AFE0099828B9FFE75E
:106090000A99022081F83E001EE00998042806D1E2
:1060A000FFE70A99022081F83F00049012E0099866
:1060B000082806D1FFE70A99022081F840000390E2
:1060C00005E00A99022081F841000390FFE7039858
:1060D0000490FFE70498FFE70A98006809990122F5
:1060E000019203F0A5F801980A9909680022C4F208
:1060F0000102914202900CD0FFE70A9800684FF627
:106100000041CBF6FE710844B0FA80F040090290DD
:10611000FFE70298C00738B1FFE70A980168486CAA
:1061200040F400404864FFE70A9800680021C4F288
:10613000010188423CD0FFE70A980068B0F1804F27
:1061400036D0FFE70A98006840F20041C4F200012F
:1061500088422DD0FFE70A98006840F60001C4F29B
:106160000001884224D0FFE70A98006840F6004109
:10617000C4F2000188421BD0FFE70A98006840F291
:106180000041C4F20101884212D0FFE70A9800687A
:1061900044F20001C4F20101884209D0FFE70A98E5
:1061A000006841F60001C4F20001884212D1FFE705
:1061B0000A980068806800F0070008900898062890
:1061C00007D0FFE70A980168086840F001000860FE
:1061D000FFE706E00A980168086840F001000860DF
:1061E000FFE700208DF82F00FFE79DF82F000CB08F
:1061F00080BD000080B592B010900F910E92ADF866
:10620000363000208DF835000F9828B9FFE7109838
:1062100090F83E000B901CE00F98042805D1FFE792
:10622000109890F83F000A9010E00F98082805D1C8
:10623000FFE7109890F84000099004E0109890F85B
:1062400041000990FFE709980A90FFE70A980B9030
:10625000FFE70B98022804D1FFE702208DF84700E2
:10626000B1E10F9828B9FFE7109890F83E00089028
:106270001CE00F98042805D1FFE7109890F83F0024
:10628000079010E00F98082805D1FFE7109890F8C4
:106290004000069004E0109890F841000690FFE757
:1062A00006980790FFE707980890FFE708980128ED
:1062B00034D1FFE70E9820B1FFE7BDF8360020B9D2
:1062C000FFE701208DF847007DE10F9828B9FFE72F
:1062D0001099022081F83E001EE00F98042806D194
:1062E000FFE71099022081F83F00059012E00F9817
:1062F000082806D1FFE71099022081F84000049099
:1063000005E01099022081F841000490FFE704980D
:106310000590FFE70598FFE7FFE703E001208DF810
:10632000470050E1FFE70F9803900C2800F2B68079
:106330000399DFE801F007B3B3B332B3B3B35DB38E
:10634000B3B388001098416A49F26920C0F6000092
:10635000C8631098416A49F22530C0F6000008640D
:106360001098416A49F29930C0F60000C86410984C
:106370000268406A0E993432BDF83630FDF7DAF91A
:1063800020B1FFE701208DF847001CE1109801685B
:10639000C86840F40070C86084E01098816A49F2CF
:1063A0006920C0F60000C8631098816A49F2253060
:1063B000C0F6000008641098816A49F29930C0F66E
:1063C0000000C86410980268806A0E993832BDF8DF
:1063D0003630FDF7AFF920B1FFE701208DF8470017
:1063E000F1E010980168C86840F48060C86059E026
:1063F0001098C16A49F26920C0F60000C86310987D
:10640000C16A49F22530C0F6000008641098C16ADC
:1064100049F29930C0F60000C86410980268C06A5A
:106420000E993C32BDF83630FDF784F920B1FFE714
:1064300001208DF84700C6E010980168C86840F454
:106440000060C8602EE01098016B49F26920C0F628
:106450000000C8631098016B49F22530C0F60000B7
:1064600008641098016B49F29930C0F60000C864C6
:1064700010980268006B0E994032BDF83630FDF777
:1064800059F920B1FFE701208DF847009BE01098F3
:106490000168C86840F48050C86003E001208DF8AE
:1064A0003500FFE79DF83500002840F08780FFE7C2
:1064B000109800680F990122019202F0B9FE01982C
:1064C000109909680022C4F20102914202900CD096
:1064D000FFE7109800684FF60041CBF6FE710844C4
:1064E000B0FA80F040090290FFE70298C00738B187
:1064F000FFE710980168486C40F400404864FFE7EB
:10650000109800680021C4F2010188423CD0FFE7E6
:1065100010980068B0F1804F36D0FFE710980068FF
:1065200040F20041C4F2000188422DD0FFE71098EC
:10653000006840F60001C4F20001884224D0FFE761
:106540001098006840F60041C4F2000188421BD058
:10655000FFE71098006840F20041C4F20101884250
:1065600012D0FFE71098006844F20001C4F2010164
:10657000884209D0FFE71098006841F60001C4F294
:106580000001884212D1FFE710980068806800F08F
:1065900007000C900C98062807D0FFE710980168B8
:1065A000086840F001000860FFE706E01098016805
:1065B000086840F001000860FFE7FFE79DF835003C
:1065C0008DF84700FFE79DF8470012B080BD00003E
:1065D00080B586B00590059842F65451C2F200018C
:1065E000884203D1FFE704F08FFDFFE7059842F6EC
:1065F0004C71C2F20001884240F09680FFE740F201
:106600002400C2F20000007848B3FFE704F040F82D
:1066100004F036FB41F2C000C2F2000090ED000A27
:10662000BDEEC00A10EE101A42F2F020C2F20000D5
:1066300090ED000ABDEEC00A10EE102A6846002355
:106640000493036040F28410C2F200000AF0D0FA12
:10665000049840F22401C2F20001087063E003F0E4
:106660003DFF40F2D800C2F200000078012842D17C
:10667000FFE742F29850C2F20000007840B9FFE70D
:1066800040F28A20C2F20000007805281ED1FFE700
:1066900040F24061C2F200014CF6CD40C3F64C70AE
:1066A000486040F2DC00C2F20000016840F2E40001
:1066B000C2F2000040F2D403C2F20003DFEDD50ABB
:1066C0003522B0EE600A06F091FB11E040F2406125
:1066D000C2F200014FF07A50486040F2DC00C2F292
:1066E0000000006840F2E401C2F200010860FFE728
:1066F00007F04AF9FFE740F21400C2F200000088F8
:1067000040B1FFE740F21401C2F2000108880138ED
:106710000880FFE705F082FA40F22401C2F200018E
:1067200001200870FFE79BE2059842F6BC61C2F2C7
:106730000001884267D1FFE706F0E2F805F0D0FBE0
:1067400043F24550C2F200000078D8B3FFE743F2AD
:106750004650C2F2000001880131018000881D28E6
:106760000EDCFFE743F24850C2F20000008800F55B
:10677000617042F6C441C2F200010968C86320E0BA
:1067800043F24650C2F2000000883B280CDCFFE7D1
:1067900043F24850C2F20000008842F6C441C2F2FF
:1067A00000010968C8630BE043F24551C2F20001E1
:1067B0000020087043F24651C2F200010880FFE752
:1067C000FFE7FFE742F25E50C2F20000007868B1D6
:1067D000FFE742F29151C2F200010120087042F23B
:1067E0005E51C2F20001002008700BE042F29051AD
:1067F000C2F200010120087042F25E51C2F20001B3
:106800000870FFE72BE2059842F6C441C2F200018E
:10681000884240F04981FFE742F25D50C2F2000039
:106820000178B1FA81F149090170007818B1FFE7E8
:1068300003F03EF8FFE743F26950C2F2000000782F
:10684000FE2808DCFFE743F26951C2F20001087834
:1068500001300870FFE743F26A50C2F2000000788E
:10686000FE2808DCFFE743F26A51C2F20001087813
:1068700001300870FFE743F26050C2F20000007878
:10688000FE2808DCFFE743F26051C2F200010878FD
:1068900001300870FFE743F26650C2F20000007852
:1068A000FE2808DCFFE743F26651C2F200010878D7
:1068B00001300870FFE743F26450C2F20000007834
:1068C000FE2808DCFFE743F26451C2F200010878B9
:1068D00001300870FFE743F26250C2F20000007816
:1068E000FE2808DCFFE743F26251C2F2000108789B
:1068F00001300870FFE743F26550C2F200000078F3
:10690000FE2808DCFFE743F26551C2F20001087877
:1069100001300870FFE743F26350C2F200000078D4
:10692000FE2808DCFFE743F26351C2F20001087859
:1069300001300870FFE743F26750C2F200000078B0
:10694000FE2808DCFFE743F26751C2F20001087835
:1069500001300870FFE743F26150C2F20000007896
:10696000FE2808DCFFE743F26151C2F2000108781B
:1069700001300870FFE743F26850C2F2000000786F
:10698000FE2808DCFFE743F26851C2F200010878F4
:1069900001300870FFE742F2AC20C2F2000090ED37
:1069A000000A0020B5EE400AF1EE10FA18BF0120EF
:1069B00042F2AB21C2F20001087004F085FD40F202
:1069C000D800C2F200000078E8B9FFE740F2E00129
:1069D000C2F200010120087040F2D901C2F20001A8
:1069E0000020087040F2E800C2F20000016940F2A5
:1069F000E402C2F200021160006940F2DC01C2F25E
:106A000000010860FFE743F27950C2F2000000780D
:106A100038BB01E00000F04242F2F021C2F2000176
:106A20000020086040F24C01C2F20001096842F205
:106A30004842C2F20002116040F2F831C2F2000195
:106A400091ED050AB8EEC00A40F20421C2F200013D
:106A500081ED000A40F69061C2F2000108624863CD
:106A6000FFE743F21450C2F200000078D8B9FFE704
:106A700042F6C800C2F20000D0F83C0241F24431B4
:106A8000C2F20001086040F2CC30C2F20000008A7D
:106A900000EE100AB8EE400A40F23400C2F20000E4
:106AA00080ED000AFFE7D9E0059842F60471C2F2D2
:106AB000000188420CD1FFE742F29251C2F200017C
:106AC0000120087042F29351C2F200010870C4E044
:106AD000059842F67461C2F2000188420ED1FFE7C8
:106AE00042F2F420C2F20000039007F001FE039886
:106AF00007F024FE039807F0E3FFADE0059842F6A7
:106B00002C61C2F20001884240F0A580FFE742F606
:106B1000C800C2F200000190D0F8442240F2C00147
:106B2000C2F200010A60D0F848224A60D0F84C2234
:106B30008A60D0F85002C86042F28C51C2F2000163
:106B400046F26660C4F23E10086040F24C00C2F2A9
:106B5000000090ED000A42F2CC20C2F2000007F0E3
:106B600043FB019843F21851C2F20001029181EDFA
:106B7000050A90ED8F0AB1EE400A42F2B020C2F24F
:106B8000000007F031FB0198029981ED020AD0F86C
:106B90002402086140F28A20C2F20000007808282E
:106BA00039D1FFE742F2F420C2F2000090F847002A
:106BB00088B3FFE743F20E50C2F2000000780128CC
:106BC00010D1FFE743F20C50C2F200000088B0F58C
:106BD0002F7F07DBFFE742F28851C2F2000101205C
:106BE000087017E043F20E50C2F20000007802284D
:106BF0000FD1FFE743F20C50C2F200000088642876
:106C000007DBFFE742F28851C2F200010120087061
:106C1000FFE7FFE717E040F28A20C2F200000078A9
:106C200008280FD1FFE742F2F420C2F2000090F8EA
:106C3000470038B9FFE742F28851C2F20001002054
:106C40000870FFE7FFE742F28850C2F200000078C8
:106C500001F070FFFFE7FFE7FFE7FFE7FFE7FFE770
:106C600006B080BD81B0009001B0704782B0019045
:106C7000ADF8021002B0704781B0009001B07047CB
:106C800080B588B0079001200690FFE7FFE70798DE
:106C9000006850E8030F20F4F0700590FFE70599B5
:106CA0000798026842E803100028F0D1FFE7FFE7E9
:106CB000FFE7FFE70798006850E8050F20F00100A4
:106CC0000490FFE704990798026842E8051000283D
:106CD000F0D1FFE7FFE70798006B012814D1FFE729
:106CE000FFE7FFE70798006850E8030F20F0100067
:106CF0000390FFE703990798026842E80310002811
:106D0000F0D1FFE7FFE7FFE70798806BA8B1FFE747
:106D10000798006840690006002808D5FFE7079833
:106D2000816B49F6D130C0F60000086504E0079891
:106D3000816B00200865FFE7FFE70798C06BA8B1EB
:106D4000FFE70798006840694006002808D5FFE77C
:106D50000798C16B49F6C920C0F60000086504E039
:106D60000798C16B00200865FFE7FFE707980068F8
:106D700040690006002827D5FFE7FFE7FFE70798EF
:106D8000006850E8050F20F080000290FFE70299AC
:106D90000798026842E805100028F0D1FFE7FFE7F6
:106DA0000798806B78B1FFE70798806BFCF758FA7B
:106DB00028B1FFE70798816B0020086502E00020FA
:106DC0000690FFE7FFE7FFE7079800684069400685
:106DD000002829D5FFE7FFE7FFE70798006850E89C
:106DE000050F20F040000190FFE701990798026825
:106DF00042E805100028F0D1FFE7FFE70798C06BD5
:106E000088B1FFE70798C06BFCF72AFA38B1FFE7B3
:106E10000798C16B002008650120069002E0002061
:106E20000690FFE7FFE7FFE70698012814D1FFE788
:106E300007990020C8840799C88507994864079A6C
:106E4000202182F84110079A82F8421007990863BE
:106E50000798FFF711FFFFE7002008B080BD000092
:106E600080B584B0039000200290039800684069C8
:106E7000C0B2C0090290039890F84100212823D1A4
:106E8000FFE7029800B3FFE7FFE7FFE7039800681A
:106E900050E8050F20F080000190FFE7019903986A
:106EA000026842E805100028F0D1FFE7FFE70398E9
:106EB000806B28B1FFE70398806BFCF75BF9FFE775
:106EC000039802F01BFFFFE7039800684069C0F3D6
:106ED00080100290039890F84200222823D1FFE707
:106EE000029800B3FFE7FFE7FFE70398006850E868
:106EF000050F20F040000090FFE70099039802681A
:106F000042E805100028F0D1FFE7FFE70398C06BC7
:106F100028B1FFE70398C06BFCF72CF9FFE7039853
:106F200002F08EFEFFE7002004B080BD81B000902B
:106F300001B0704780B592B0119011980068006858
:106F4000109011980068C0680F901198006840690F
:106F50000E9000200D900C90109800F00F000D90F6
:106F60000D9888B9FFE79DF84000800600280AD5F3
:106F7000FFE79DF83C008006002804D5FFE7119844
:106F800002F0D8FE02E2FFE70D98002800F0C28070
:106F9000FFE79DF83800C00738B9FFE7BDF83C00AF
:106FA00010F4907F00F0B680FFE79DF84000C00726
:106FB00058B1FFE79DF83D00C00730B1FFE71199D8
:106FC000486C40F001004864FFE79DF8400040072E
:106FD00000280BD5FFE79DF83800C00730B1FFE768
:106FE0001199486C40F002004864FFE79DF84000AA
:106FF000800700280BD5FFE79DF83800C00730B1A7
:10700000FFE71199486C40F004004864FFE79DF8E1
:1070100040000007002811D5FFE79DF83C008006DE
:10702000002805D4FFE79DF83800C00730B1FFE71E
:107030001199486C40F008004864FFE71198406CD3
:10704000002866D0FFE79DF84000800600280AD59A
:10705000FFE79DF83C008006002804D5FFE7119863
:1070600002F068FEFFE7119800684069C0F38010E5
:107070000C901198406C0007002804D4FFE70C988E
:1070800000283ED0FFE7119802F0DAFD1198006861
:107090004069400600282FD5FFE7FFE7FFE711987A
:1070A000006850E8050F20F040000B90FFE70B99B7
:1070B0001198026842E805100028F0D1FFE7FFE7C9
:1070C0001198C06B98B1FFE71198C16B49F63D105C
:1070D000C0F6000008651198C06BFCF7C1F828B134
:1070E000FFE71198C06B016D8847FFE703E0119837
:1070F000FFF71CFFFFE703E01198FFF717FFFFE71B
:1071000006E01198FFF712FF119900204864FFE78D
:10711000FFE73BE11198006B012840F01781FFE782
:107120009DF84000C006002840F11081FFE79DF85F
:107130003C00C006002840F10981FFE7FFE700207E
:107140000A901198006800680A90119800684068D9
:107150000A900A98FFE711980068406940060028E5
:1071600040F19A80FFE71198C06B00684068ADF865
:107170002600BDF82600002875D0FFE7BDF82600E0
:107180001199898D88426EDAFFE7BDF826001199C2
:10719000C8851198C06BC069B0F5807F58D0FFE7F3
:1071A000FFE7FFE71198006850E8030F20F48070B4
:1071B0000890FFE708991198026842E80310002838
:1071C000F0D1FFE7FFE7FFE7FFE71198006850E81D
:1071D000050F20F001000790FFE70799119802685A
:1071E00042E805100028F0D1FFE7FFE7FFE7FFE7DF
:1071F0001198006850E8050F20F040000690FFE766
:1072000006991198026842E805100028F0D1FFE7BE
:10721000FFE71199202081F84200119900200863AE
:10722000FFE7FFE71198006850E8030F20F0100017
:107230000590FFE705991198026842E803100028BD
:10724000F0D1FFE7FFE71198C06BFBF793FFFFE773
:107250001199022048631198818DC28D891A89B2D3
:10726000FFF704FD17E0BDF826001199898D8842CB
:1072700010D1FFE71198C06BC069B0F5807F08D1CD
:10728000FFE71199022048631198818DFFF7EEFC0A
:10729000FFE7FFE7FFE779E01199888DC98D401A74
:1072A000ADF812001198C08D00284ED0FFE7BDF850
:1072B0001200002849D0FFE7FFE7FFE711980068B8
:1072C00050E8030F20F490700390FFE703991198A2
:1072D000026842E803100028F0D1FFE7FFE7FFE76C
:1072E000FFE71198006850E8050F20F001000290B8
:1072F000FFE702991198026842E805100028F0D1D2
:10730000FFE7FFE71199202081F842001199002042
:107310000863FFE7FFE71198006850E8030F20F0CB
:1073200010000190FFE701991198026842E80310EC
:107330000028F0D1FFE7FFE7119902204863119878
:10734000BDF81210FFF792FCFFE71FE09DF8400028
:10735000000600280AD5FFE79DF83C00000600283B
:1073600004D5FFE7119802F0CFFE0FE09DF8400032
:10737000400600280AD5FFE79DF83C00400600289B
:1073800004D5FFE7119802F0A5FCFFE712B080BD1D
:1073900080B582B00090009820B9FFE701208DF8F9
:1073A000070040E00098806908B1FFE700E0FFE7D0
:1073B000009890F8410040B9FFE70099002081F85B
:1073C0004000009800F034F8FFE70099242081F88D
:1073D000410000980168C86820F40050C860009817
:1073E00002F05CFD00980168086920F49040086193
:1073F00000980168486920F02A00486100980168F7
:10740000C86840F40050C860009900204864009AA1
:10741000202182F84110009A82F8421000994863B6
:107420008DF80700FFE79DF8070002B080BD00005F
:1074300080B5A0B01F9000201E901D901C901B9046
:107440001A901F98006844F60041C4F20001884277
:1074500066D1FFE7FFE70020199043F64000C4F231
:107460000200016841F400210160006800F400207E
:1074700019901998FFE7FFE70020189043F63000B5
:10748000C4F20200016841F001010160006800F0EF
:10749000010018901898FFE703201A9002211B9111
:1074A00001211C911D9008201E900020C4F20200B2
:1074B0001AA9FCF7C3F942F2C060C2F200000E90B4
:1074C00046F24001C4F2020101604FF000614160E8
:1074D00000218160C1604FF480620261416181617D
:1074E000C1614FF4403202624162FCF76BF818B19F
:1074F000FFE7FAF775FAFFE7FFE71F9842F2C0616E
:10750000C2F20001C1631F988863FFE734200D9029
:1075100000221146FCF71EFC0D98FCF711FCF5E16A
:107520001F98006845F20001C4F20001884240F053
:107530009380FFE7FFE70020179043F64000C4F276
:107540000200016841F480110160006800F48010BD
:1075500017901798FFE7FFE70020169043F63000DA
:10756000C4F20200016841F004010160006800F00B
:10757000040016901698FFE7FFE70020159043F6E9
:107580003000C4F20200016841F0080101600068A7
:1075900000F0080015901598FFE74FF480501A90FE
:1075A000022007901B90012008901C900320099056
:1075B0001D9008200A901E9040F60000C4F20200C0
:1075C0001AA90B91FCF73AF9DDF81CC0089B099A3F
:1075D0000A980B994FF0040ECDF868E0CDF86CC016
:1075E0001C931D921E9040F60040C4F20200FCF76E
:1075F00025F942F22070C2F200000C9046F2100110
:10760000C4F2020101604FF000614160002181601D
:10761000C1604FF48062026141618161C1610162B8
:107620004162FBF7CFFF18B1FFE7FAF7D9F9FFE79F
:10763000FFE71F9842F22071C2F20001C1631F9858
:107640008863FFE73520069000221146FCF782FB95
:107650000698FCF775FB58E11F98006841F200019D
:10766000C4F2010188423DD1FFE7FFE700201490FA
:1076700043F64400C4F20200016841F010010160C9
:10768000006800F0100014901498FFE7FFE7002056
:10769000139043F63000C4F20200016841F0020189
:1076A0000160006800F0020013901398FFE7C0200B
:1076B0001A9002201B9001201C9003201D9007208F
:1076C0001E9040F20040C4F202001AA9FCF7B6F87E
:1076D0002520059000221146FCF73CFB0598FCF79D
:1076E0002FFB11E11F98006844F60001C4F200016D
:1076F000884240F09680FFE7FFE70020129043F6B3
:107700004000C4F20200016841F480210160006879
:1077100000F4802012901298FFE7FFE700201190FC
:1077200043F63000C4F20200016841F0020101603A
:10773000006800F0020011901198FFE74FF44060DC
:107740001A9002201B9001201C9003201D900720FE
:107750001E9040F20040C4F202001AA9FCF76EF835
:1077600042F28070C2F20000049046F22801C4F296
:10777000020101604FF00061416000218160C16041
:107780004FF48062026141618161C1614FF4403216
:1077900002624162FBF716FF18B1FFE7FAF720F922
:1077A000FFE7FFE71F9842F28071C2F20001C16358
:1077B0001F988863FFE742F2E070C2F20000039076
:1077C00046F25801C4F2020101604FF000614160CD
:1077D000402181600021C1604FF4806202614161FB
:1077E0008161C1614FF4403202624162FBF7EAFEFF
:1077F00018B1FFE7FAF7F4F8FFE7FFE71F9842F246
:10780000E071C2F2000181631F988863FFE72720BF
:10781000029000221146FCF79DFA0298FCF790FABC
:1078200071E01F98006841F20041C4F201018842F2
:1078300068D1FFE7FFE70020109043F64400C4F250
:107840000200016841F020010160006800F02000A2
:1078500010901098FFE7FFE700200F9043F63000EC
:10786000C4F20200016841F004010160006800F008
:1078700004000F900F98FFE7C0201A9002201B9081
:1078800001201C9003201D9008201E9040F600004F
:10789000C4F202001AA9FBF7D1FF42F64000C2F27F
:1078A0000000019046F22841C4F2020101604FF04D
:1078B0002061416000218160C1604FF480620261FB
:1078C00041618161C1614FF4003202624162FBF7A4
:1078D00079FE18B1FFE7FAF783F8FFE7FFE71F9893
:1078E00042F64001C2F20001C1631F988863FFE7BE
:1078F0004720009000221146FCF72CFA0098FCF774
:107900001FFAFFE7FFE7FFE7FFE7FFE720B080BDD3
:1079100080B584B002900191ADF80220029890F8F1
:107920004200202817D1FFE7019820B1FFE7BDF8FA
:10793000020020B9FFE701208DF80F000FE0029947
:107940000020086302980199BDF8022002F044FB70
:107950008DF80F0003E002208DF80F00FFE79DF87F
:107960000F0004B080BD000081B0009001B07047EE
:1079700081B0009001B0704780B58AB0089007913F
:10798000ADF81A20059300200290089890F8410065
:10799000202840F08180FFE7079820B1FFE7BDF87D
:1079A0001A0020B9FFE701208DF8270078E0089938
:1079B000002048640899212081F84100FCF732F941
:1079C0000290BDF81A0008998884BDF81A00089939
:1079D000C88408988068B0F5805F09D1FFE70898EF
:1079E000006928B9FFE7002004900798039004E09D
:1079F0000798049000200390FFE7FFE70898C08CE9
:107A000078B3FFE70898029B05996A4611608021C8
:107A1000002202F0C3FB40B1FFE70899202081F863
:107A2000410003208DF827003AE0049858B9FFE799
:107A3000039800886FF35F200899096848600398ED
:107A40000230039008E004980078089909684860BB
:107A5000049801300490FFE70899C88C0138C88465
:107A6000CCE70898029B05996A46116040210022E4
:107A700002F094FB40B1FFE70899202081F8410013
:107A800003208DF827000BE00899202081F84100A1
:107A900000208DF8270003E002208DF82700FFE783
:107AA0009DF827000AB080BD80B586B00490039190
:107AB000ADF80A20049890F8410020286AD1FFE729
:107AC000039820B1FFE7BDF80A0020B9FFE70120C5
:107AD0008DF8170062E0039804990862BDF80A0067
:107AE00004998884BDF80A000499C8840499002088
:107AF0004864049A212182F8411004998A6B49F65E
:107B00005531C0F60001D16304998A6B49F62941C9
:107B1000C0F60001116404998A6B49F65911C0F648
:107B20000001D1640499896B086503A80190049849
:107B30000268806B019909680432BDF80A30FBF7CE
:107B4000F9FD58B1FFE704991020486404992020FA
:107B500081F8410001208DF817001FE004980168AA
:107B60006FF040000860FFE7FFE70498006850E806
:107B7000050F40F080000090FFE70099049802682C
:107B800042E805100028F0D1FFE7FFE700208DF85C
:107B9000170003E002208DF81700FFE79DF817009B
:107BA00006B080BD81B00090009843F2B401C2F2EB
:107BB000000188420ED1FFE743F26C51C2F200018E
:107BC00008780130087042F2AA21C2F200010020B8
:107BD0000870FFE701B0704781B0009001B07047B6
:107BE000FFE7FEE70000000080B542F6C802C2F2DF
:107BF000000292ED8F0A42F6BC01C2F2000191ED43
:107C0000001A30EE410A9FEDE01A80EE010A42F6BA
:107C1000A400C2F2000080ED000A40F24C03C2F260
:107C2000000393ED000A91ED012A30EE420A80EE46
:107C3000010A80ED010A92ED8E0A91ED022A30EEE2
:107C4000420A80EE010A80ED020A90ED000A43F23A
:107C5000CC30C2F2000090ED001A30EE410A10EE76
:107C6000100A0CF015FB41EC100B51EC100B9FEDC2
:107C7000C00B52EC103BD20F62F3DF7141EC100BE2
:107C800051EC100B9FEDBC0B53EC102B0CF047FB91
:107C9000D0B9FFE742F2A050C2F2000000780128FC
:107CA00012DCFFE742F2A051C2F200010878013075
:107CB000087043F2CC30C2F20000006842F6A40122
:107CC000C2F20001C8603CE042F6A400C2F200002B
:107CD00000680CF0DDFA41EC100B9FEDA51B50EC99
:107CE000111BC20F51EC100B62F3DF7141EC100B52
:107CF00051EC100B9FEDA20B53EC102B0CF008FB7A
:107D000038B9FFE742F6A401C2F200010020C860C2
:107D100006E042F6A401C2F200010868C860FFE76D
:107D200042F6A400C2F20000006843F2CC31C2F275
:107D30000001086042F2A051C2F200010020087068
:107D4000FFE742F6A400C2F2000090ED010A43F200
:107D5000D430C2F2000090ED001A30EE410A10EE6D
:107D6000100A0CF095FA41EC100B51EC100B9FED42
:107D7000800B52EC103BD20F62F3DF7141EC100B21
:107D800051EC100B9FED7C0B53EC102B0CF0C7FA51
:107D9000D0B9FFE742F2A250C2F2000000780128F9
:107DA00012DCFFE742F2A251C2F200010878013072
:107DB000087043F2D430C2F20000006842F6A40119
:107DC000C2F2000108613CE042F6A400C2F20000E9
:107DD00040680CF05DFA41EC100B9FED651B50EC18
:107DE000111BC20F51EC100B62F3DF7141EC100B51
:107DF00051EC100B9FED620B53EC102B0CF088FA3A
:107E000038B9FFE742F6A401C2F200010020086180
:107E100006E042F6A401C2F2000148680861FFE7EB
:107E200042F6A400C2F20000406843F2D431C2F22C
:107E30000001086042F2A251C2F200010020087065
:107E4000FFE742F6A400C2F2000090ED020A43F2FE
:107E5000D030C2F2000090ED001A30EE410A10EE70
:107E6000100A0CF015FA41EC100B51EC100B9FEDC1
:107E7000400B52EC103BD20F62F3DF7141EC100B60
:107E800051EC100B9FED3C0B53EC102B0CF047FA10
:107E9000D0B9FFE742F2A150C2F2000000780128F9
:107EA00012DCFFE742F2A151C2F200010878013072
:107EB000087043F2D030C2F20000006842F6A4011C
:107EC000C2F2000148613CE042F6A400C2F20000A8
:107ED00080680CF0DDF941EC100B9FED251B50EC98
:107EE000111BC20F51EC100B62F3DF7141EC100B50
:107EF00051EC100B9FED220B53EC102B0CF008FAF9
:107F000038B9FFE742F6A401C2F20001002048613F
:107F100006E042F6A401C2F2000188684861FFE76A
:107F200042F6A400C2F20000806843F2D031C2F2EF
:107F30000001086042F2A151C2F200010020087065
:107F4000FFE742F6C800C2F20000D0F83C2242F639
:107F5000BC01C2F200010A6040F24C02C2F200020F
:107F600012684A60D0F83802886080BD00BF00BF48
:107F700000000000000000000000000000001C40A5
:107F8000000000000000E03F6F12833A80B588B027
:107F9000079000200690049043F22400C2F20000F3
:107FA00000680068C0F3001006900698002841D0D1
:107FB000FFE7FFE70020039043F22400C2F2000035
:107FC0000168096803910068406803900398FFE71F
:107FD00043F22400C2F20000019001680968059193
:107FE000016849680591FEF73BFF019842F2C061C4
:107FF000C2F200010968496804910499C1F58071D1
:1080000040F20E22C2F20002118040F20C21C2F2B4
:1080100000010A78B2FA82F252090A700A7843F231
:108020004811C2F2000101EB02214FF48072FFF708
:108030006FFCFFE70698002866D0FFE70020ADF848
:108040000A00FFE7BDF80A0040F20E21C2F200016B
:108050000988884257DAFFE740F20C20C2F200009C
:108060000078B0FA80F0410943F24810C2F20000F3
:1080700000EB0120BDF80A10415C42F6C800C2F2D4
:10808000000009F063FFB8B3FFE742F6C800C2F290
:108090000000009090ED900A02F036F9009890ED03
:1080A0008F0AB0EEC00AB0EE001AB4EE410AF1EE4B
:1080B00010FA08DAFFE742F6C801C2F20001002018
:1080C000C1F83C02FFE742F6C800C2F2000090EDA2
:1080D000900AB0EEC00AB0EE001AB4EE410AF1EE1A
:1080E00010FA08DAFFE742F6C801C2F200010020E8
:1080F000C1F84002FFE7FFE7FFE7BDF80A000130E3
:10810000ADF80A009EE7FFE708B080BD80B542F6F3
:10811000C800C2F200004FF46971F8F73AFA43F26E
:10812000FC00C2F200004C21F8F711FA43F22400DF
:10813000C2F200000268D16841F01001D16043F240
:108140004811C2F200014FF48072FFF7E1FB80BDDD
:1081500080B582B042F2B050C2F20000019046F207
:108160000041C4F2000101600621416000218160EC
:10817000C1604FF4403202614FF4801242610176D7
:10818000012242768176C27601774177FAF73CF98F
:1081900018B1FFE7F9F724FCFFE702B080BD00004B
:1081A00080B582B042F2D850C2F20000019046F68B
:1081B0000001C4F2000101600621416000218160DC
:1081C000C1604FF4403202614FF480124261017687
:1081D000012242768176C27601774177FAF714F967
:1081E00018B1FFE7F9F7FCFBFFE702B080BD000024
:1081F00080B58AB0FFE70020099043F63000C4F252
:108200000200016841F480010160006800F4800010
:1082100009900998FFE7FFE70020089043F6300037
:10822000C4F20200016841F400110160006800F42A
:10823000001008900898FFE70B200090002206929B
:108240001146FBF787FD0098FBF77AFD069A0C2094
:1082500001901146FBF77EFD0198FBF771FD069A30
:108260000D2002901146FBF775FD0298FBF768FDA3
:10827000069A0E2003901146FBF76CFD0398FBF75E
:108280005FFD069A112004901146FBF763FD0498E8
:10829000FBF756FD069A2F2005901146FBF75AFD75
:1082A0000598FBF74DFD069A392007901146FBF71C
:1082B00051FD0798FBF744FD0AB080BD80B590B032
:1082C00000200F900E900D900C900B90FFE7002077
:1082D0000A9043F63000C4F20200016841F08001C8
:1082E0000160006800F080000A900A98FFE7FFE74D
:1082F0000020099043F63000C4F20200016841F00A
:1083000001010160006800F0010009900998FFE791
:10831000FFE70020089043F63000C4F20200016835
:1083200041F004010160006800F004000890089822
:10833000FFE7FFE70020079043F63000C4F2020099
:10834000016841F002010160006800F0020007903E
:108350000798FFE7FFE70020069043F63000C4F2DD
:108360000200016841F008010160006800F00800A7
:1083700006900698FFE70020C4F20200009048F241
:10838000140100220392FBF735FC039A40F600002B
:10839000C4F20200049010210191FBF72BFC00981D
:1083A000039904220B92012202920C9202220D9256
:1083B0000E910BA90591FBF741FA0098029B039AD5
:1083C000059948F2100CCDF82CC00C930D920E922A
:1083D000FBF734FADDF804C0029B039A0498059970
:1083E000CDF82CC00C930D920E92FBF727FA10B02B
:1083F00080BD000080B582B042F66C40C2F2000041
:10840000019043F20001C4F2010101604FF4827156
:10841000416000218160C160016141614FF40072DF
:1084200082611022C2610162416281620A21C162DD
:10843000FCF7E2F918B1FFE7F9F7D2FAFFE702B06B
:1084400080BD000080B542F60C50C2F2000044F638
:108450000001C4F2010101600021416081604FF61A
:10846000FF72C26001618161FCF7D6FF18B1FFE7BE
:10847000F9F7B6FAFFE780BD80B584B0002103911B
:1084800002910191009142F65450C2F2000041F66F
:108490000002C4F20002026040F247324260816092
:1084A0006322C26001618161FCF7B6FF18B1FFE78A
:1084B000F9F796FAFFE74FF48050009042F65450D7
:1084C000C2F200006946FDF74BFA18B1FFE7F9F771
:1084D00087FAFFE704B080BD80B598B00021019114
:1084E0001791169115911491139112911191109168
:1084F0000F910E910D910C910B910A910991089198
:108500000791069105910491039142F6C440C2F28D
:10851000000002900022C4F2010202605322426075
:10852000816044F61F62C260016141618161FCF7B4
:1085300073FF18B1FFE7F9F753FAFFE74FF48050E4
:10854000149042F6C440C2F2000014A9FDF708FAE4
:1085500018B1FFE7F9F744FAFFE742F6C440C2F268
:108560000000FDF707FD18B1FFE7F9F739FAFFE75B
:1085700000201290139042F6C440C2F2000012A9EB
:10858000FCF7B8FE18B1FFE7F9F72AFAFFE7602019
:108590000B9000200C900D900E900F901090119069
:1085A00042F6C440C2F200000BA90422FDF740FCD1
:1085B00018B1FFE7F9F714FAFFE742F6C440C2F238
:1085C00000000BA90822FDF733FC18B1FFE7F9F70B
:1085D00007FAFFE7002003900490059006900790AB
:1085E0004FF4005108910A9042F6C440C2F20000D4
:1085F00003A9FCF725FE18B1FFE7F9F7F1F9FFE74A
:1086000042F6C440C2F20000FDF782FB18B080BD04
:1086100080B58EB0002100910D910C910B910A91C3
:108620000991089107910691059104910391029196
:10863000019142F69C50C2F2000040F20042C4F2A6
:1086400000020260416081606822C2600161816154
:10865000FCF7E2FE18B1FFE7F9F7C2F9FFE74FF4C4
:1086600080500A9042F69C50C2F200000AA9FDF721
:1086700077F918B1FFE7F9F7B3F9FFE742F69C5035
:10868000C2F20000FDF776FC18B1FFE7F9F7A8F990
:10869000FFE700200890099042F69C50C2F20000CB
:1086A00008A9FCF727FE18B1FFE7F9F799F9FFE7EA
:1086B00060200190002002900390059042F69C50AB
:1086C000C2F2000001A90822FDF7B2FB18B1FFE7D2
:1086D000F9F786F9FFE742F69C50C2F20000FDF779
:1086E00017FB0EB080BD000080B58EB00021009158
:1086F0000D910C910B910A910991089107910691A6
:108700000591049103910291019142F6E450C2F265
:10871000000040F60002C4F2000202604160816085
:108720006822C26001618161FCF776FE18B1FFE743
:10873000F9F756F9FFE74FF480500A9042F6E450FB
:10874000C2F200000AA9FDF70BF918B1FFE7F9F72B
:1087500047F9FFE742F6E450C2F20000FDF70AFCD9
:1087600018B1FFE7F9F73CF9FFE7002008900990FE
:1087700042F6E450C2F2000008A9FCF7BBFD18B1B4
:10878000FFE7F9F72DF9FFE7602001900020029044
:108790000390059042F6E450C2F2000001A90C22B9
:1087A000FDF746FB18B1FFE7F9F71AF9FFE742F6C4
:1087B000E450C2F20000FDF7ABFA0EB080BD00003D
:1087C00080B588B00021019107910691059104912F
:1087D0000391029142F62C60C2F2000040F6004282
:1087E000C4F20002026040F24732426081607C22A3
:1087F000C26001618161FCF70FFE18B1FFE7F9F774
:10880000EFF8FFE74FF48050049042F62C60C2F27C
:10881000000004A9FDF7A4F818B1FFE7F9F7E0F8A4
:10882000FFE700200290039042F62C60C2F20000A5
:1088300002A9FCF75FFD18B1FFE7F9F7D1F8FFE7F0
:1088400008B080BD80B582B000210191009142F650
:108850007460C2F2000041F20002C4F20002026041
:1088600040F247324260816042F20F72C260816121
:10887000FCF7D2FD18B1FFE7F9F7B2F8FFE70020E7
:108880000090019042F67460C2F200006946FCF765
:1088900031FD18B1FFE7F9F7A3F8FFE702B080BD9B
:1088A00080B582B000210191009142F6BC60C2F215
:1088B000000041F20042C4F20002026040F247327E
:1088C000426081604FF41C72C2608161FCF7A4FDBC
:1088D00018B1FFE7F9F784F8FFE700200090019056
:1088E00042F6BC60C2F200006946FCF703FD18B115
:1088F000FFE7F9F775F8FFE702B080BD80B588B0F3
:108900000021009107910691059104910391029134
:1089100042F60470C2F20000019040F20042C4F23C
:108920000102026040F247324260816041F28732C8
:10893000C260016141618161FCF76EFD18B1FFE722
:10894000F9F74EF8FFE74FF48050049042F60470B8
:10895000C2F2000004A9FDF703F818B1FFE7F9F728
:108960003FF8FFE700200290039042F60470C2F245
:10897000000002A9FCF7BEFC18B1FFE7F9F730F8D8
:10898000FFE708B080BD000080B584B000210391EE
:1089900002910191009142F64C70C2F2000044F243
:1089A0000002C4F20102026040F28F624260816004
:1089B0003122C26001618161FCF72EFD18B1FFE731
:1089C000F9F70EF8FFE74FF48050009042F64C7034
:1089D000C2F200006946FCF7C3FF18B1FFE7F8F7E1
:1089E000FFFFFFE704B080BD80B582B043F22400F2
:1089F000C2F20000019044F60041C4F2000101609F
:108A00004FF46121416000218160C16001610C224D
:108A100042618161C161FEF7BBFC18B1FFE7F8F765
:108A2000DFFFFFE702B080BD80B582B043F26C008B
:108A3000C2F20000019045F20001C4F200010160A1
:108A400048F2A061C0F2010141604FF480518160A1
:108A50000021C16001610C2242618161C161FEF7A8
:108A600097FC18B1FFE7F8F7BBFFFFE702B080BD46
:108A700080B582B042F69470C2F20000019041F2DB
:108A80000001C4F2010101604FF4E13141600021B5
:108A90008160C16001610C2242618161C161FEF7A8
:108AA00077FC18B1FFE7F8F79BFFFFE702B080BD46
:108AB00080B582B042F6DC70C2F20000019044F64C
:108AC0000001C4F2000101604FF4E1214160002186
:108AD0008160C16001610C2242618161C161FEF768
:108AE00057FC18B1FFE7F8F77BFFFFE702B080BD46
:108AF00080B582B043F2B400C2F20000019041F2AE
:108B00000041C4F2010101604FF461214160002184
:108B10008160C16001610C2242618161C161FEF727
:108B200037FC18B1FFE7F8F75BFFFFE702B080BD45
:108B3000FFE7FEE780B584B08DF80F0040F20B3000
:108B4000C2F2000001905A210170532141709DF83A
:108B50000F10817043F20651C2F200014A78C270D0
:108B60000988017140F2C001C2F2000102910A7845
:108B700042714A7882718A78C271CA7802720A791F
:108B800042724A7982728A79C272CA7902730A7A07
:108B900042734A7A82738A7AC273CA7A02740A7BEF
:108BA00042744A7B82748A7BC274C97B017542F22B
:108BB0008C51C2F200010A7842754A7882758A782F
:108BC000C275C97801760021417681761B2109F0B2
:108BD00051F90199024602980282027CCA76407CD1
:108BE000087742F6DC70C2F200001D22FEF75CFF3F
:108BF00004B080BD80B542F6DC70C2F200000268AD
:108C0000D16841F01001D16040F28B21C2F2000125
:108C10004FF4A072FEF77CFE80BD0000FFE7FEE788
:108C200088B0079006910592079800F0070004901D
:108C30000498C0F10700052803D3FFE70420019042
:108C400004E00498C0F107000190FFE70198039049
:108C500004980430062803D8FFE70020009003E0C2
:108C6000049803380090FFE7009802900698039953
:108C7000012202FA01F101390840029B984005994E
:108C80009A40013A1140084308B07047704700000D
:108C900082B001900198006800909DED000A02B03A
:108CA0007047000080B586B004900391029204984A
:108CB0004068B0F5827F13D1FFE704988068B0F573
:108CC000004F06D0FFE704988068B0F5806F07D1A9
:108CD000FFE704980168086820F040000860FFE79B
:108CE00004984068B0F5827F31D1FFE7049880682E
:108CF000B0F5806F15D0FFE70498039B02996A4690
:108D000011608021002200F0A5F848B1FFE7049926
:108D1000486D40F02000486503208DF817002FE0D3
:108D200014E00498039B02996A4611600121002215
:108D300000F090F848B1FFE70499486D40F020003A
:108D4000486503208DF817001AE0FFE714E0049847
:108D5000039B02996A4611600121002200F07AF813
:108D600048B1FFE70499486D40F0200048650320B2
:108D70008DF8170004E0FFE700208DF81700FFE7EB
:108D80009DF8170006B080BD80B586B004900391B1
:108D900002920498039B02996A4611600221012203
:108DA00000F058F848B1FFE70499486D40F0200002
:108DB000486503208DF8170048E040F21000C2F229
:108DC000000000684AF6AB21CAF6AA21A0FB0110F8
:108DD00000094FF2A171C1F2C601A0FB0110000C05
:108DE0004FF47A714843019004984068B0F5827F4F
:108DF00015D1FFE70498039B02996A461160802110
:108E0000002200F027F848B1FFE70499486D40F0D0
:108E10002000486503208DF8170017E012E0FFE7F7
:108E2000019808B9FFE70CE0019801380190FFE7CD
:108E3000049800688068C1B20020B0EBD11FEFD168
:108E4000FFE7FFE700208DF81700FFE79DF8170008
:108E500006B080BD80B58AB0DDF830C008900791BB
:108E60008DF81B20059305980190FAF7DBFE02466A
:108E700001980C99891A08440390FAF7D3FE0290DE
:108E8000039840F21001C2F200010968C1F3CB312E
:108E900048430490FFE708980068806807990840F5
:108EA000401AB0FA80F040099DF81B1088425FD04C
:108EB000FFE705980130002859D0FFE7FAF7B2FE26
:108EC0000299401A0399884204D2FFE703980028C8
:108ED00042D1FFE708980168486820F0E000486048
:108EE00008984068B0F5827F13D1FFE70898806842
:108EF000B0F5004F06D0FFE708988068B0F5806FA6
:108F000007D1FFE708980168086820F04000086072
:108F1000FFE70898806AB0F5005F0FD1FFE7FFE731
:108F200008980168086820F40050086008980168F3
:108F3000086840F400500860FFE7FFE70899012047
:108F400081F85100FFE70899002081F85000FFE701
:108F500003208DF827000FE0049818B9FFE70020E0
:108F6000039003E0049801380490FFE7FFE792E7DD
:108F700000208DF82700FFE79DF827000AB080BD8C
:108F80007047000080B582B0009000980138B0F1C1
:108F9000807F03D3FFE70120019019E0009801389A
:108FA0004EF21401CEF2000108604FF0FF300F21A5
:108FB00008F06EFA4EF21801CEF2000100200860AF
:108FC0004EF21002CEF20002072111600190FFE77D
:108FD000019802B080BD000080B5FAF729FE80BD7F
:108FE0004EF68851CEF20001086840F47000086027
:108FF0007047000080B542F6C440C2F20000FCF7A2
:1090000079FD42F64C70C2F20000FCF773FD80BDA2
:1090100080B542F6C440C2F20000FCF76BFD80BD93
:1090200080B542F6E450C2F20000FCF763FD80BD5B
:1090300080B542F62C60C2F20000FCF75BFD80BDFB
:1090400080B542F67460C2F20000FCF753FD80BDAB
:1090500080B542F6BC60C2F20000FCF74BFD80BD5B
:1090600080B542F60470C2F20000FCF743FD42F600
:109070005450C2F20000FCF73DFD80BD80B542F6C1
:109080000470C2F20000FCF735FD80BD83B0029091
:10909000019102980068009002980021C4F2010139
:1090A000884225D0FFE70298B0F1804F20D0FFE73B
:1090B000029840F20041C4F20001884218D0FFE754
:1090C000029840F60001C4F20001884210D0FFE788
:1090D000029840F60041C4F20001884208D0FFE740
:1090E000029840F20041C4F2010188420AD1FFE730
:1090F000009820F0700000900198416800980843A3
:109100000090FFE702980021C4F20101884255D087
:10911000FFE70298B0F1804F50D0FFE7029840F28D
:109120000041C4F20001884248D0FFE7029840F6AF
:109130000001C4F20001884240D0FFE7029840F6E7
:109140000041C4F20001884238D0FFE7029840F2A3
:109150000041C4F20101884230D0FFE7029844F296
:109160000001C4F20101884228D0FFE7029844F2CE
:109170000041C4F20101884220D0FFE7029844F682
:109180000001C4F20101884218D0FFE7029841F6BD
:109190000001C4F20001884210D0FFE7029841F6B6
:1091A0000041C4F20001884208D0FFE7029842F271
:1091B0000001C4F2000188420AD1FFE7009820F4C0
:1091C000407000900198C168009808430090FFE744
:1091D000009820F0800001994969084300900198A7
:1091E00080680299C86201980068029988620298B2
:1091F0000021C4F20101884208D0FFE7029840F242
:109200000041C4F20101884205D1FFE701980069DD
:1092100002990863FFE70299086840F004000860BB
:1092200002990120486100980299086003B07047D4
:1092300084B0039002910192029800F01F01012076
:1092400088400090009A0399086A90430862019848
:10925000029901F01F0100FA01F20399086A104314
:10926000086204B07047000080B582B00190019898
:10927000806B009001980099496A88420DD1FFE700
:109280000099012008770198C06928B9FFE7009983
:10929000012081F83E00FFE73CE001980099896ACF
:1092A00088420DD1FFE70099022008770198C06934
:1092B00028B9FFE70099012081F83F00FFE728E087
:1092C00001980099C96A88420DD1FFE700990420EE
:1092D00008770198C06928B9FFE70099012081F853
:1092E0004000FFE714E001980099096B88420DD116
:1092F000FFE70099082008770198C06928B9FFE7BF
:109300000099012081F84100FFE700E0FFE7FFE757
:10931000FFE7FFE70098FCF77FFE00990020087741
:1093200002B080BD80B582B001900198806B009042
:1093300001980099496A884204D1FFE70099012009
:10934000087721E001980099896A884204D1FFE7F3
:1093500000990220087716E001980099C96A8842AE
:1093600004D1FFE70099042008770BE001980099E9
:10937000096B884204D1FFE700990820087700E0D4
:10938000FFE7FFE7FFE7FFE70098FCF749FE0099DA
:109390000020087702B080BD80B582B001900198AE
:1093A000806B009001980099496A884207D1FFE7D5
:1093B000009901200877009981F83E0031E001987A
:1093C0000099896A884208D1FFE70099022008774E
:1093D0000099012081F83F0022E001980099C96AB4
:1093E000884208D1FFE700990420087700990120FE
:1093F00081F8400013E001980099096B884208D178
:10940000FFE70099082008770099012081F84100C2
:1094100004E00099012081F83D00FFE7FFE7FFE746
:10942000FFE70098FCF75EFB00990020087702B088
:1094300080BD000085B004900391029201930498CE
:1094400080680090009820F47F4000900398029973
:10945000019A41EA022101430098084300900098D4
:109460000499886005B0704783B00290019102981A
:1094700080680090009820F070000090019800999A
:10948000084340F00700009000980299886003B0FC
:109490007047000085B0049003910498006A019021
:1094A0000499086A20F0010008620498406800905E
:1094B000049880690290029820F07000029002984F
:1094C00020F003000290039801680298084302907C
:1094D000019820F0020001900398816801980843E8
:1094E000019004980021C4F20101884208D0FFE7EE
:1094F000049840F20041C4F2010188420ED1FFE716
:10950000019820F0080001900398C1680198084371
:109510000190019820F004000190FFE704980021D9
:10952000C4F20101884208D0FFE7049840F20041EC
:10953000C4F20101884213D1FFE7009820F4807043
:109540000090009820F40070009003984169009802
:109550000843009003988169009808430090FFE752
:1095600000980499486002980499886103984068BB
:109570000499486301980499086205B07047000097
:1095800085B0049003910498006A01900499086AD8
:1095900020F01000086204984068009004988069E8
:1095A0000290029820F4E0400290029820F440706B
:1095B000029003980168029840EA01200290019805
:1095C00020F02000019003988168019840EA011082
:1095D000019004980021C4F20101884208D0FFE7FD
:1095E000049840F20041C4F2010188420FD1FFE724
:1095F000019820F0800001900398C168019840EA2A
:1096000001100190019820F040000190FFE70498BC
:109610000021C4F20101884208D0FFE7049840F21B
:109620000041C4F20101884215D1FFE7009820F4FF
:1096300080600090009820F40060009003984169D9
:10964000009840EA8100009003988169009840EA00
:1096500081000090FFE700980499486002980499FF
:1096600088610398406804998863019804990862A6
:1096700005B0704785B0049003910498006A01908A
:109680000499086A20F48070086204984068009089
:109690000498C0690290029820F07000029002982D
:1096A00020F003000290039801680298084302909A
:1096B000019820F40070019003988168019840EAB5
:1096C0000120019004980021C4F20101884208D0D1
:1096D000FFE7049840F20041C4F2010188420FD133
:1096E000FFE7019820F4006001900398C168019899
:1096F00040EA01200190019820F480600190FFE78A
:1097000004980021C4F20101884208D0FFE70498C0
:1097100040F20041C4F20101884215D1FFE70098F0
:1097200020F480500090009820F40050009003989E
:109730004169009840EA01100090039881690098FF
:1097400040EA01100090FFE70098049948600298F1
:109750000499C861039840680499C8630198049902
:10976000086205B07047000085B00490039104982A
:10977000006A01900499086A20F4805008620498F5
:10978000406800900498C0690290029820F4E0407C
:109790000290029820F440700290039801680298A9
:1097A00040EA01200290019820F4005001900398B3
:1097B0008168019840EA0130019004980021C4F2C8
:1097C0000101884208D0FFE7049840F20041C4F24A
:1097D000010188420BD1FFE7009820F480400090FF
:1097E00003984169009840EA81100090FFE70098D3
:1097F0000499486002980499C861039840680499E4
:10980000086401980499086205B0704785B0049017
:10981000039102920498006A00900499086A20F06B
:1098200001000862049880690190019820F0F0001E
:1098300001900299019840EA01100190009820F0EF
:109840000A00009003990098084300900198049939
:10985000886100980499086205B0704785B004904B
:10986000039102920498006A00900499086A20F01B
:1098700010000862049880690190019820F47040FB
:1098800001900299019840EA01300190009820F07F
:10989000A00000900399009840EA01100090019800
:1098A0000499886100980499086205B07047000027
:1098B00042F2A820C2F20000007868B1FFE742F24D
:1098C000A821C2F200010020087042F2AA21C2F2CF
:1098D000000101200870FFE77047000082B001908E
:1098E00001980088ADF80200BDF8020002B0704790
:1098F00082B00190019800680090009802B0704713
:1099000080B542F2C060C2F20000FEF73FFBFEF7F6
:109910006BF943F22400C2F20000FDF70BFB80BD9F
:1099200080B542F2F420C2F2000005F043F843F2A1
:109930006C00C2F20000FDF7FDFA80BD80B582B078
:1099400001900198806B009000990020C8850098D4
:10995000FDF7ECFA02B080BD80B584B00390002022
:1099600002900398806B0190019800684069C0B232
:10997000C0090290019890F8410021280AD1FFE720
:10998000029838B1FFE701990020C884019800F0DF
:10999000B5F9FFE7019800684069C0F380100290B4
:1099A000019890F8420022280AD1FFE7029838B1C6
:1099B000FFE701990020C885019800F041F9FFE711
:1099C0000199486C40F0100048640198FDF7AEFA28
:1099D00004B080BD80B586B005900598806B04907A
:1099E000059800680068C00500285AD4FFE704996C
:1099F0000020C885FFE7FFE70498006850E8030FE0
:109A000020F480700390FFE703990498026842E80D
:109A100003100028F0D1FFE7FFE7FFE7FFE7049816
:109A2000006850E8050F20F001000290FFE702995E
:109A30000498026842E805100028F0D1FFE7FFE72C
:109A4000FFE7FFE70498006850E8050F20F04000AA
:109A50000190FFE701990498026842E80510002888
:109A6000F0D1FFE7FFE70499202081F84200049835
:109A7000006B012814D1FFE7FFE7FFE704980068B7
:109A800050E8030F20F010000090FFE700990498C1
:109A9000026842E803100028F0D1FFE7FFE7FFE784
:109AA000FFE70499002048630498006B012805D162
:109AB000FFE70498818DFDF7D9F803E00498FDF7DE
:109AC00053FFFFE706B080BD80B582B001900198DA
:109AD000806B00900098C16B002008650098806B37
:109AE00038B1FFE70098806B006D08B1FFE714E024
:109AF000FFE700990020C8840099C8850099486450
:109B0000009A202182F84110009A82F842100099B0
:109B100008630098FDF7B0F8FFE702B080BD0000D1
:109B200080B582B001900198806B0090009901206F
:109B300048630098006B012806D1FFE70098818DEB
:109B40004908FDF793F803E00098FDF711FFFFE7E0
:109B500002B080BD80B584B003900398806B029002
:109B6000039800680068C00500282AD4FFE702991E
:109B70000020C884FFE7FFE70298006850E8050F5F
:109B800020F080000190FFE701990298026842E806
:109B900005100028F0D1FFE7FFE7FFE7FFE7029895
:109BA000006850E8030F40F040000090FFE7009984
:109BB0000298026842E803100028F0D1FFE7FFE7AF
:109BC00003E00298FDF7EEFFFFE704B080BD000060
:109BD00080B582B001900198806B00900098816BF5
:109BE000002008650098C06B38B1FFE70098C06B93
:109BF000006D08B1FFE714E0FFE700990020C8847A
:109C00000099C88500994864009A202182F8411083
:109C1000009A82F84210009908630098FDF72CF82A
:109C2000FFE702B080BD000080B582B001900198CE
:109C3000806B00900098FDF7CFFF02B080BD000060
:109C400084B00390FFE7FFE70398006850E8030F34
:109C500020F490700290FFE702990398026842E8AE
:109C600003100028F0D1FFE7FFE7FFE7FFE70398C5
:109C7000006850E8050F20F001000190FFE701990E
:109C80000398026842E805100028F0D1FFE7FFE7DB
:109C90000398006B012814D1FFE7FFE7FFE7039863
:109CA000006850E8030F20F010000090FFE70099D3
:109CB0000398026842E803100028F0D1FFE7FFE7AD
:109CC000FFE70399202081F84200039900200863F0
:109CD00004B0704780B582B0019001980168C868EF
:109CE00020F04000C8600199202081F841000198CF
:109CF000FDF758FF002002B080BD000082B0019047
:109D0000FFE7FFE70198006850E8030F20F0C0006C
:109D10000090FFE700990198026842E803100028CC
:109D2000F0D1FFE7FFE70199202081F8410002B060
:109D30007047000080B586B0049000200390029028
:109D4000049890F84200222840F0A080FFE7049891
:109D50008068B0F5805F13D1FFE70498006978B997
:109D6000FFE70498806A02900498006840686FF3E7
:109D70005F20029908800499886A0230886223E093
:109D80000498806A039004988068B0F5805F08D0DA
:109D9000FFE70498806850B9FFE70498006930B97C
:109DA000FFE70498006840680399087007E004988A
:109DB0000068406800F07F0003990870FFE704998D
:109DC000886A01308862FFE70499C88D0138C88528
:109DD0000004002856D1FFE704980168C86820F005
:109DE0002000C86004980168C86820F48070C860CA
:109DF00004980168486920F0010048610499202016
:109E000081F842000499002048630498006B0128FF
:109E100030D1FFE7049900200863FFE7FFE70498CB
:109E2000006850E8030F20F010000190FFE701994F
:109E30000498026842E803100028F0D1FFE7FFE72A
:109E4000049800680068C00600280ED5FFE7FFE709
:109E50000020009004980068006800900498006852
:109E6000406800900098FFE7FFE70498818DFCF7B9
:109E7000FDFE03E00498FDF777FDFFE700208DF875
:109E8000170007E000208DF8170003E002208DF88E
:109E90001700FFE79DF8170006B080BD80B586B0BB
:109EA000059005980068006920F44050059A1168F3
:109EB000D26810430861059988680B694A69C969C5
:109EC000184310430843049005980068C06849F29D
:109ED0000C6188430499084305990968C86005988E
:109EE0000068406920F44070059A11689269104337
:109EF00048610598006841F20001C4F201018842FE
:109F000009D0FFE70598006841F20041C4F2010161
:109F1000884204D1FFE7FAF789F8039003E0FAF7E3
:109F200073F80390FFE70598C069B0F5004F29D199
:109F3000FFE703981921A0FB0101059A136802931A
:109F400053685A00DB0FF6F7FDF90299864648F28E
:109F50001F53C5F2EB13AEFB0320420910014FF073
:109F6000640C02FB1CEC322202EBCC02A2FB03329B
:109F7000F82303EA521300EB4300C2F342121044E9
:109F8000886026E003981921A0FB0101059A136857
:109F9000019353689A009B0FF6F7D4F90199844610
:109FA00048F21F52C5F2EB12ACFB023043096420A9
:109FB00003FB10CC322000EB0C10A0FB0202F020BF
:109FC00000EA521000EB0310C2F343121044886001
:109FD000FFE706B080BD000080B58AB00890079109
:109FE000ADF81A20079808998862BDF81A000899F8
:109FF0008885089900204864089A222182F8421036
:10A000000899CA6B49F6D511C0F60001D1630899C9
:10A01000CA6B49F62131C0F6000111640899CA6B78
:10A0200049F65911C0F60001D1640899C96B086559
:10A0300007A8059008980168C06B0431059A12685A
:10A04000BDF81A30F9F776FB58B1FFE708991020F0
:10A0500048640899202081F8420001208DF82700EB
:10A060004EE0FFE700200490089800680068049024
:10A0700008980068406804900498FFE70898006911
:10A08000A0B1FFE7FFE7FFE70898006850E8030F7B
:10A0900040F480700390FFE703990898026842E853
:10A0A00003100028F0D1FFE7FFE7FFE7FFE7FFE736
:10A0B0000898006850E8050F40F001000290FFE7A3
:10A0C00002990898026842E805100028F0D1FFE7DD
:10A0D000FFE7FFE7FFE70898006850E8050F40F04A
:10A0E00040000190FFE701990898026842E80510D6
:10A0F0000028F0D1FFE7FFE700208DF82700FFE7F9
:10A100009DF827000AB080BD83B00190019890F8B7
:10A11000410021283AD1FFE701988068B0F5805FBF
:10A1200013D1FFE70198006978B9FFE70198006A49
:10A130000090009800886FF35F20019909684860DB
:10A140000199086A0230086208E0019A106A411C0D
:10A1500011620078019909684860FFE70199C88C8D
:10A160000138C884000468B9FFE701980168C8682D
:10A1700020F08000C86001980168C86840F0400085
:10A18000C860FFE700208DF80B0003E002208DF887
:10A190000B00FFE79DF80B0003B0704780B586B059
:10A1A000DDF820C0049003918DF80B200193FFE7A8
:10A1B00004980068006803990840401AB0FA80F0DB
:10A1C00040099DF80B1088424DD1FFE708980130F7
:10A1D000002847D0FFE7F9F725FD0199401A0899B3
:10A1E000884203D8FFE7089820B9FFE703208DF8DD
:10A1F00017003CE004980068C0684007002830D58C
:10A20000FFE7039880282CD0FFE70398402828D048
:10A21000FFE704980068006800F008010120B0EB37
:10A22000D10F1DD1FFE7FFE70020009004980068E0
:10A230000068009004980068406800900098FFE76C
:10A240000498FFF7FDFC049908204864FFE704998F
:10A25000002081F84000FFE701208DF8170006E09C
:10A26000FFE7FFE7A4E700208DF81700FFE79DF860
:10A27000170006B080BD000080B542F69470C2F2AF
:10A280000000FCF757FE80BD80B542F28070C2F23C
:10A29000000002F00BFE42F6DC70C2F20000FCF798
:10A2A00049FE80BD80B582B042F2F420C2F20000C7
:10A2B00004F0C4FB98B1FFE742F2F420C2F20000C0
:10A2C0000190D0F814110131C0F8141104F086F88F
:10A2D000019804F0ADFA019804F0E6FB09E042F2BF
:10A2E000F421C2F20001D1F818010130C1F81801BF
:10A2F000FFE743F2B400C2F20000FCF71BFE02B01D
:10A3000080BD0000FFE7FEE783B08DED010A40F25B
:10A310004C00C2F20000007B70B1FFE740F24C003D
:10A32000C2F2000000210173019A4260019A0260AA
:10A3300081600068029047E09DED010A40F24C0008
:10A34000C2F2000090ED011A30EE410A8DED000AD4
:10A350009DED000A9FED1E1AB4EE410AF1EE10FACF
:10A3600008DDFFE740F24C01C2F2000188680138C5
:10A37000886012E09DED000A9FED161AB4EE410AC6
:10A38000F1EE10FA08DAFFE740F24C01C2F20001E8
:10A39000886801308860FFE7FFE740F24C00C2F2B6
:10A3A000000090ED020AB8EEC00A9DED011A9FED83
:10A3B0000A2A20EE020A30EE010A80ED000A019915
:10A3C000416000680290FFE79DED020A03B070470C
:10A3D00000003443000034C30000B44380B507F0EC
:10A3E000A7F880BD80B507F0ABF880BD80B507F059
:10A3F0008FF807F0BDF807F0CBF907F01DFB07F069
:10A4000067FC07F0C1FC07F0CDFC07F0D9FC07F0B2
:10A41000E5FC07F0F1FC07F0B9F807F0C5F807F024
:10A42000D1F807F0DDF807F0FBF807F017F907F0AF
:10A4300035F907F051F907F06FF907F08BF907F0DC
:10A44000B5F907F0D1F907F0EFF907F00DFA07F0C9
:10A450002BFA07F049FA07F069FA07F085FA07F0D6
:10A46000A9FA07F0C5FA07F0F5FA07F011FB07F0B3
:10A4700031FB07F04FFB07F073FB07F091FB07F090
:10A48000B3FB07F0D1FB07F0E1FB07F0F1FB07F0AE
:10A490002DFC07F03BFC07F049FC07F059FC07F0E6
:10A4A00061FC07F069FC80BD80B507F051F880BD04
:10A4B00080B507F055F880BD80B507F031F880BD54
:10A4C00080B582B08DF807009DF807200020C4F207
:10A4D00002000421F9F78EFB02B080BD80B503F0C5
:10A4E00011F802F0CDF980BD80B582B042F24C4047
:10A4F000C2F200000078BFF35F8FC007B0B9FFE77A
:10A5000042F24C40C2F2000008F067FA70B1FFE777
:10A5100042F23A50C2F20000002103F033FF42F24F
:10A520004C40C2F2000008F06EFAFFE742F6C800A5
:10A53000C2F2000090F80802002818BF01208DF830
:10A5400007009DF8070078B3FFE740F28A20C2F2C7
:10A5500000000078082818D0FFE740F28A20C2F2F5
:10A5600000000078042810D0FFE740F28A20C2F2F1
:10A5700000000078012808D0FFE740F28A20C2F2EC
:10A580000000007807280FD1FFE742F29850C2F28E
:10A5900000000078012807D0FFE743F21451C2F20F
:10A5A00000010220087071E040F28A20C2F200002F
:10A5B000007805281CD0FFE740F28A20C2F2000094
:10A5C0000078022814D0FFE79DF8070040B9FFE7A4
:10A5D00040F28A20C2F200000078082808D0FFE785
:10A5E00042F29850C2F20000007801283BD1FFE708
:10A5F00043F21451C2F200010120087042F2F4202B
:10A60000C2F20000B0F93C100020B1F5FA7F0090D2
:10A610000DDDFFE742F2F420C2F20000B0F93E1077
:10A62000002011F5FA7FB8BF01200090FFE70098E5
:10A6300000F0010142F23A50C2F2000003F072FE53
:10A6400002280FD1FFE740F24400C2F2000090ED73
:10A65000000AB1EE400A41F24430C2F2000080ED3F
:10A66000000AFFE711E043F21451C2F2000100209A
:10A67000087042F6C800C2F20000D0F83C0241F275
:10A680004431C2F200010860FFE7FFE702B080BD7D
:10A6900080B590B042F25440C2F200000078BFF39F
:10A6A0005F8FC007B0B9FFE742F25440C2F200002A
:10A6B00008F093F970B1FFE742F23C50C2F200009B
:10A6C000002103F05FFE42F25440C2F2000008F0A5
:10A6D0009AF9FFE742F25040C2F200000078BFF35F
:10A6E0005F8FC007B0B9FFE742F25040C2F20000EE
:10A6F00008F073F970B1FFE742F23B50C2F200007C
:10A70000002103F03FFE42F25040C2F2000008F088
:10A710007AF9FFE743F27950C2F20000007802288C
:10A7200040F0E680FFE742F2F420C2F20000B0F908
:10A730004010B0F9480000EE101AB8EEC00A9FEDC4
:10A74000D71A80EE010A8DED0C0A10F57A7F06DA31
:10A75000FFE74FF61840CFF6FF700B9018E042F27B
:10A76000F420C2F20000B0F94800B0F57A7F04DDB1
:10A77000FFE74FF47A700A9007E042F2F420C2F249
:10A780000000B0F948000A90FFE70A980B90FFE735
:10A790009DED0C1A0B9800EE100AB8EEC00A9FED62
:10A7A000C02A80EE020A30EE411A42F24840C2F25C
:10A7B000000090ED000A30EE010A80ED000A43F23D
:10A7C0001850C2F200008078002848D0FFE740F619
:10A7D0000071C2F2000100200862486340F6E07197
:10A7E000C2F200010862486342F24840C2F200002F
:10A7F00090ED000A40F24C00C2F20000D0ED000AD9
:10A8000040F21C00C2F2000090ED001A40F6707099
:10A81000C2F20000089006F041FC089890ED0F0A83
:10A8200042F6C800C2F20000D0ED8A0A40F21800D9
:10A83000C2F2000090ED001A41F25000C2F2000096
:10A84000099006F02BFC099890ED0F0AB1EE400A32
:10A8500042F2F020C2F2000080ED000A47E040F62C
:10A860007071C2F2000100200862486341F2500199
:10A87000C2F200010862486342F24840C2F200009E
:10A8800090ED000A40F24C00C2F20000D0ED000A48
:10A8900040F21C00C2F2000090ED001A40F6007079
:10A8A000C2F20000069006F0F9FB069890ED0F0A40
:10A8B00042F6C800C2F20000D0ED8A0A40F2180049
:10A8C000C2F2000090ED001A40F6E070C2F2000003
:10A8D000079006F0E3FB079890ED0F0AB1EE400AEF
:10A8E00042F2F020C2F2000080ED000AFFE7B8E17A
:10A8F00043F27950C2F200000078012840F049810B
:10A90000FFE742F2F420C2F20000B0F93C10002050
:10A91000B1F5FA7F05900DDDFFE742F2F420C2F2B7
:10A920000000B0F93E10002011F5FA7FB8BF0120F9
:10A930000590FFE7059800F0010142F23C50C2F299
:10A94000000003F0EFFC022840F0AC80FFE740F28B
:10A950004C00C2F2000090ED000ADFEDC50A08F0DD
:10A96000DFFE8DED0F0A9DED0F0A9FEDC21AB4EECA
:10A97000410AF1EE10FA09DDFFE79DED0F0A9FEDA8
:10A98000BE1A30EE010A8DED0F0AFFE79DED0F0AAA
:10A990009FEDBA1AB4EE410AF1EE10FA09DAFFE7B8
:10A9A0009DED0F0A9FEDB21A30EE010A8DED0F0AF0
:10A9B000FFE742F2EC20C2F2000090ED000A40F204
:10A9C0004800C2F2000090ED001A30EE410A8DED11
:10A9D0000E0A9DED0E0A9FEDA71AB4EE410AF1EEA4
:10A9E00010FA09DDFFE79DED0E0A9FEDA31A30EE88
:10A9F000010A8DED0E0AFFE79DED0E0A9FED9F1AED
:10AA0000B4EE410AF1EE10FA09DAFFE79DED0E0A05
:10AA10009FED971A30EE010A8DED0E0AFFE79DEDCE
:10AA20000E0A9DED0F1A30EE410A8DED0D0A9DEDD7
:10AA30000D0A9FED901AB4EE410AF1EE10FA09DD0D
:10AA4000FFE79DED0D0A9FED8C1A30EE010A8DEDAA
:10AA50000D0AFFE79DED0D0A9FED881AB4EE410A3D
:10AA6000F1EE10FA09DAFFE79DED0D0A9FED801A6D
:10AA700030EE010A8DED0D0AFFE740F24C00C2F204
:10AA8000000090ED000A9DED0D1A30EE010A42F231
:10AA90004840C2F2000080ED000A57E00080BB454C
:10AAA00000002FC442F2F420C2F200000190B0F97D
:10AAB000401000EE101AB8EEC00A9FED6B1A80EE3F
:10AAC000010A8DED020A082103F0C8FC0146019835
:10AAD0000391042103F0C2FC9DED021A0146039884
:10AAE000401A00EE100AB8EEC00A9FED602A20EE70
:10AAF000020A30EE011A42F24840C2F2000090ED24
:10AB0000000A30EE010A80ED000A90ED000A40F2E2
:10AB10004C00C2F20000D0ED000A40F69060C2F294
:10AB200000000490B7EE001A06F0B8FA049890ED11
:10AB30000F0A42F6C800C2F20000D0ED8A0A40F6C1
:10AB40002060C2F2000006F095F9FFE742F2EC2027
:10AB5000C2F2000090ED000A42F6C800C2F2000006
:10AB600090ED901A30EE410A42F29C50C2F2000081
:10AB700080ED000A40F62060C2F2000090ED0F0A5E
:10AB8000B1EE400A42F2F020C2F2000080ED000A6D
:10AB900066E043F27850C2F20000007800284ED000
:10ABA000FFE740F2F830C2F20000406942F64F126F
:10ABB000C0F201024AF28771C1F2207100FB01204C
:10ABC00045F29F21C0F20201884214D3FFE740F210
:10ABD000F830C2F20000406941F2CE21C0F201011A
:10ABE00049F61502C2F2720200FB02104FEA700031
:10ABF000884224D8FFE742F6C800C2F20000D0F82D
:10AC0000400242F2EC21C2F20001086043F27851A6
:10AC1000C2F200010020087043F24552C2F2000265
:10AC20000121117043F24651C2F20001088000F088
:10AC30006FFD43F24851C2F200010880FFE740F285
:10AC40004C00C2F20000006842F24841C2F200012A
:10AC5000086042F2F021C2F2000100200860FFE724
:10AC6000FFE710B080BD00BF00C0DAC66F1203BBA3
:10AC70000000B443000034430000B4C3000034C3F8
:10AC800080B596B043F21450C2F20000007802285A
:10AC900040F02281FFE742F2F420C2F20000B0F956
:10ACA0004210B0F94A0000EE101AB8EEC00A9FED4B
:10ACB000EC1A80EE010A8DED140A10F5FA7F06DA1F
:10ACC000FFE74FF60C60CFF6FF70139018E042F2EA
:10ACD000F420C2F20000B0F94A00B0F5FA7F04DDBA
:10ACE000FFE74FF4FA70129007E042F2F420C2F24C
:10ACF0000000B0F94A001290FFE712981390FFE7A6
:10AD00009DED141A139800EE100AB8EEC00A9FEDDC
:10AD1000E42A80EE020A30EE411A41F24430C2F2D7
:10AD2000000090ED000A30EE010A80ED000A90ED7F
:10AD3000000A9FEDDC1AB4EE410AF1EE10FA05DAD2
:10AD4000FFE79FEDD80A8DED110A20E041F2443073
:10AD5000C2F2000090ED000AB3EE001AB4EE410A10
:10AD6000F1EE10FA05DDFFE7B3EE000A8DED100AF3
:10AD700008E041F24430C2F2000090ED000A8DED8F
:10AD8000100AFFE79DED100A8DED110AFFE79DED1A
:10AD9000110A41F24430C2F2000080ED000A42F68E
:10ADA000C800C2F2000090ED8F0A01F0CDFD42F222
:10ADB000AC50C2F2000080ED000A43F21850C2F21B
:10ADC00000008078002846D0FFE740F60001C2F27C
:10ADD000000100200862486340F6E001C2F2000171
:10ADE0000862486341F24430C2F2000090ED000A6C
:10ADF00042F6C800C2F200000E90D0ED8F0A40F279
:10AE00002C00C2F2000090ED001A40F67000C2F271
:10AE100000000D9006F042F90D990E9891ED0F0A81
:10AE2000D0ED890A40F65010C2F200000F9006F0F3
:10AE300021F80F9890ED0F0A42F2AC50C2F20000D8
:10AE400090ED001A30EE010A41F2C000C2F200009B
:10AE500080ED000A3FE040F67001C2F200010020E0
:10AE60000862486340F65011C2F20001086248636C
:10AE700041F24430C2F2000090ED000A42F6C800F0
:10AE8000C2F200000B90D0ED8F0A40F22C00C2F20B
:10AE9000000090ED001A40F60000C2F200000A9097
:10AEA00006F0FCF80A990B9891ED0F0AD0ED8A0A8A
:10AEB00040F6E000C2F200000C9005F0DBFF0C98B9
:10AEC00090ED0F0AB1EE400A41F2C000C2F200005C
:10AED00080ED000AFFE7D8E043F21450C2F2000010
:10AEE0000078012840F0BE80FFE742F2F420C2F271
:10AEF0000000202103F0B2FA28B1FFE79FED650AB8
:10AF00008DED090A1BE042F2F420C2F20000079026
:10AF1000012103F0A3FA014607980891022103F0EA
:10AF20009DFA01460898401A00EE100AB8EEC00AD1
:10AF30009FED571A20EE010A8DED090AFFE79DEDFE
:10AF4000090A8DED150A42F2F420C2F20000B0F9B0
:10AF5000420000EE100AB8EEC00A9FED4F1A80EED4
:10AF6000010A9DED151A30EE411A41F24430C2F249
:10AF7000000090ED000A30EE010A80ED000A90ED2D
:10AF8000000A9FED461AB4EE410AF1EE10FA05DA16
:10AF9000FFE79FED420A8DED060A20E041F24430C2
:10AFA000C2F2000090ED000AB3EE001AB4EE410ABE
:10AFB000F1EE10FA05DDFFE7B3EE000A8DED050AAC
:10AFC00008E041F24430C2F2000090ED000A8DED3D
:10AFD000050AFFE79DED050A8DED060AFFE79DEDE9
:10AFE000060A41F24430C2F20000019080ED000AEE
:10AFF00042F6C800C2F20000039090ED8F0A01F003
:10B00000A3FC0199039842F2AC52C2F2000282ED15
:10B01000000A91ED000AD0ED8F0A40F29070C2F262
:10B0200000000290B7EE001A06F038F80299039873
:10B0300091ED0F0AD0ED8A0A40F22070C2F20000B2
:10B04000049005F017FF049890ED0F0AB1EE400A46
:10B0500041F2C000C2F2000080ED000A14E000BF1F
:10B0600000401C4542F6C800C2F20000D0F83C0285
:10B0700041F24431C2F20001086041F2C001C2F263
:10B08000000100200860FFE7FFE716B080BD00BFA9
:10B090006F12033B000000000000FAC500002CC244
:10B0A0000080BBC4000030C280B582B0019001991D
:10B0B00042F23450C2F20000016042F23852C2F251
:10B0C00000020021118042F2A842C2F20002117077
:10B0D00042F2B042C2F20002117042F2AC42C2F23D
:10B0E000000211600068006848B1FFE742F2345086
:10B0F000C2F200000068006805F020FAFFE700F0E7
:10B1000059FC02B080BD000080B582B041F2C80099
:10B11000C2F20000019005F015F8019843F2615267
:10B12000C2F200020021117090ED790A01F06AFD6F
:10B13000B0EE001AB4EE410AF1EE10FA08DAFFE7B9
:10B1400041F2C801C2F200010020C1F8E401FFE7AA
:10B1500002B080BD10B5A6B043F2D831C2F20001F2
:10B160000020059008704FF0030ECDF80CE081F838
:10B1700034E043F26952C2F200024A604FF00A0C16
:10B1800081F808C0C86043F26A52C2F200020A6144
:10B1900081F814C0886143F26152C2F20002CA61B0
:10B1A00081F820C0486281F835000122019281F8BF
:10B1B000362081F837E081F83C20042381F8703094
:10B1C00043F26654C2F200040C6481F844C08864FF
:10B1D00043F26254C2F20004CC6481F850C0486566
:10B1E00043F26454C2F200048C6581F85CC00866C6
:10B1F00043F26054C2F200044C6681F868C0C8662D
:10B2000081F8710081F872204FF0020CCDF808C06F
:10B2100081F873C081F874E081F878C081F8AC30AF
:10B22000C86781F8800040F2F914C2F20004C1F846
:10B230008440C1F8880081F88C0040F2FA14C2F210
:10B240000004C1F89040C1F8940081F8980040F2E1
:10B25000FB14C2F20004C1F89C40C1F8A00081F8C0
:10B26000A40040F2FC14C2F20004C1F8A84081F826
:10B27000AD0081F8AE2081F8AFC081F8B0E081F870
:10B28000B4E081F8E8C0C1F8B80081F8BC0040F231
:10B29000F81CC2F2000CC1F8C0C0C1F8C40081F8AB
:10B2A000C80042F2AB2CC2F2000CC1F8CCC081F84D
:10B2B000E90081F8EA2081F8F03081F82421C1F812
:10B2C000F40081F8F80040F2FD12C2F20002C1F869
:10B2D000FC2081F8250143F23850C2F2000041F20F
:10B2E0004832C2F20002026041600521017232213F
:10B2F0004172FFF7D9FE05988DF8880042F2E821E7
:10B30000C2F200012391E12104918DF890108DF893
:10B3100091008DF892008DF893008DF894108DF8BF
:10B32000950022982399249A259B219320921F917E
:10B330001E901E981F99209A219B01F039FB019ABB
:10B34000049905988DF8682040F28622C2F2000226
:10B350001B928DF870108DF871008DF872008DF8C9
:10B3600073008DF874108DF875001A981B991C9A4B
:10B370001D9B199318921791169016981799189A61
:10B38000199B01F015FB029A049905988DF8482045
:10B3900042F29852C2F2000213928DF850108DF8CA
:10B3A00051008DF852008DF853008DF854108DF82F
:10B3B000550012981399149A159B119310920F919E
:10B3C0000E900E980F99109A119B01F0F1FA039AC2
:10B3D000049905988DF8282042F28952C2F20002A1
:10B3E0000B928DF830108DF831008DF832008DF809
:10B3F00033008DF834108DF835000A980B990C9AAB
:10B400000D9B099308920791069006980799089A50
:10B41000099B01F0CDFA4CF2FD70C0F6000001F07E
:10B42000E7FB26B010BD000080B542F25840C2F2E2
:10B4300000000078BFF35F8FC007B0B9FFE742F2AA
:10B440005840C2F2000007F0C8FA70B1FFE742F2BC
:10B450003D50C2F20000002102F094FF42F2584039
:10B46000C2F2000007F0CFFAFFE743F26B50C2F2DE
:10B470000000007800F0010142F23D50C2F20000ED
:10B4800002F050FF02281CD1FFE740F28A20C2F2EE
:10B4900000000078082814D1FFE742F29850C2F269
:10B4A0000000007868B9FFE742F24840C2F20000AD
:10B4B00090ED000A9FED031A30EE010A80ED000ABC
:10B4C000FFE780BD000034C380B586B042F234503F
:10B4D000C2F20000006808B9FFE7B0E042F238505D
:10B4E000C2F20000018801310180008842F234512B
:10B4F000C2F200010968497A884207DBFFE742F29D
:10B500003851C2F2000100200880FFE742F2A84152
:10B51000C2F20001002008708DF81700FFE79DF8C7
:10B52000170042F23451C2F200010968097A8842D8
:10B530007ADAFFE742F23450C2F200000068406855
:10B540009DF81710C1EB011100EB81000490002061
:10B550008DF80F008DF80E008DF80D00FFE79DF8B7
:10B560000D00049991F83410884245DAFFE70498F9
:10B570009DF80D1001EB410100EB810004300290B9
:10B5800000208DF807000298006858B1FFE7029983
:10B59000086800780979884204DDFFE701208DF80A
:10B5A0000700FFE70298806848B1FFE702988068CB
:10B5B000007820B9FFE701208DF80700FFE79DF82C
:10B5C0000700C00788B1FFE701208DF80F0004993C
:10B5D0009DF80D20114491F835108DF80E1042F2AF
:10B5E000A841C2F20001087006E0FFE79DF80D00D7
:10B5F00001308DF80D00B2E79DF80F00C00738B19B
:10B60000FFE79DF817009DF80E1000F03BFA04E0EC
:10B610009DF8170000F010FAFFE7FFE79DF817000C
:10B6200001308DF817007AE742F2A840C2F200001C
:10B630000078C00718B9FFE700F0ECF8FFE706B0A4
:10B6400080BD000080B582B000F062F8ADF8060061
:10B65000BDF8060042F6C441C2F200010968C863A1
:10B6600002B080BD80B582B040F2F830C2F2000076
:10B67000009005F091F90098008A4AF6C051411AED
:10B6800042F24050C2F20000016090ED000AB8EEB4
:10B69000C00A9FED1B1A20EE010A9FED1A1A80EED8
:10B6A000010A43F25850C2F2000080ED000A90ED0A
:10B6B000000A9FED151A20EE010A9FED141A80EE84
:10B6C000010A43F25C50C2F20000019080ED000AD2
:10B6D00090ED000A08F07CF8019843F24C51C2F258
:10B6E000000181ED000A90ED000A07F071FF42F2BF
:10B6F0009450C2F2000080ED000A02B080BD00BF8D
:10B700000000B44300008047DB0F49400000344391
:10B7100080B582B042F25C40C2F200000078BFF314
:10B720005F8FC007B0B9FFE742F25C40C2F2000091
:10B7300007F053F970B1FFE742F24650C2F2000041
:10B74000002102F01FFE42F25C40C2F2000007F04E
:10B750005AF9FFE740F28A20C2F20000007870B97F
:10B76000FFE742F24451C2F2000140F6B8300880CF
:10B7700043F25451C2F200010020087017E043F276
:10B780005450C2F20000007840B1FFE742F2445149
:10B79000C2F2000141F22430088007E042F2445135
:10B7A000C2F2000140F246500880FFE7FFE742F294
:10B7B0004450C2F20000008840F27D41884204DC1F
:10B7C000FFE740F27E40019017E042F24450C2F29F
:10B7D0000000008841F22531884204DBFFE741F296
:10B7E0002430009006E042F24450C2F2000000888B
:10B7F0000090FFE700980190FFE7019880B202B047
:10B8000080BD000080B540F2CC30C2F2000005F0EF
:10B81000C3F880BD80B584B042F23450C2F200005B
:10B82000006840B1FFE742F23450C2F20000006805
:10B83000006808B9FFE75CE000208DF80F00FFE723
:10B840009DF80F0042F2B041C2F20001097888422F
:10B8500041DAFFE79DF80F1042F2B440C2F2000057
:10B8600000EB01100290029840680078B0B1FFE749
:10B8700042F23450C2F2000000680068DDF808C0EF
:10B880009CF800109CF808209CF809309CF80AC02D
:10B89000EE46CEF800C004F0B9FE15E042F2345096
:10B8A000C2F2000000680068DDF808C09CF80010D3
:10B8B0009CF80B209CF80C309CF80DC0EE46CEF89E
:10B8C00000C004F0A3FEFFE7FFE79DF80F00013082
:10B8D0008DF80F00B4E742F2AC40C2F200000068FD
:10B8E00038B1FFE742F2AC40C2F200000068804786
:10B8F000FFE704B080BD000080B594B008A83021F7
:10B90000F4F747FE002007900690059004900390FE
:10B91000FFE70020029043F64000C4F202000168F5
:10B9200041F080510160006800F080500290029860
:10B93000FFE7FFE70020019047F20000C4F200009B
:10B94000016841F480410160006800F4804001908A
:10B950000198FFE70220089001210B9110210C9122
:10B960000E9000210F9108211091A82111911290A1
:10B970000420139008A8F8F7DFFB18B1FFE7F6F7EB
:10B980002FF8FFE70F20039002200490002005907D
:10B990004FF4A05006904FF48050079003A8052163
:10B9A000F8F7FAF918B1FFE7F6F71AF8FFE714B05D
:10B9B00080BD000080B582B042F23450C2F2000077
:10B9C000006840B1FFE742F23450C2F20000006864
:10B9D000006808B9FFE72CE000208DF80700FFE7BA
:10B9E0009DF8070042F23451C2F200010968097A59
:10B9F000884215DAFFE742F23450C2F200000068D4
:10BA000000689DF807106A46002313601A4604F088
:10BA1000FDFDFFE79DF8070001308DF80700DFE727
:10BA200042F23450C2F200000068006804F034FEB4
:10BA3000FFE702B080BD000080B582B08DF807003E
:10BA400042F23450C2F20000006840B1FFE742F217
:10BA50003450C2F200000068006808B9FFE70EE049
:10BA600042F23450C2F20000006800689DF80710EE
:10BA70006A46002313601A4604F0C8FDFFE702B0CF
:10BA800080BD000080B584B08DF80F008DF80E10D9
:10BA900042F23450C2F20000006840B1FFE742F2C7
:10BAA0003450C2F200000068006808B9FFE7B2E055
:10BAB00042F23850C2F20000008843F61431C1F25D
:10BAC000B131A0FB011000F001008DF80D009DF8D0
:10BAD0000D0078B9FFE742F23450C2F2000000686E
:10BAE00000689DF80F106A46002313601A4604F0A0
:10BAF0008DFD90E09DF80E0001460291032800F2B2
:10BB00007B800299DFE801F00211203042F23450CC
:10BB1000C2F20000006800689DF80F106A4600231A
:10BB20001360E12204F072FD75E042F23450C2F27B
:10BB30000000006800689DF80F106B4600221A6034
:10BB4000E12304F063FD66E042F23450C2F20000EB
:10BB5000006800689DF80F106B46E1221A60002310
:10BB60001A4604F053FD56E042F23850C2F200008B
:10BB7000008843F61431C1F2B131A0FB011000F08E
:10BB800003008DF80C009DF80C0001280FD1FFE791
:10BB900042F23450C2F20000006800689DF80F10B5
:10BBA0006A4600231360E12204F030FD23E09DF893
:10BBB0000C0003280FD1FFE742F23450C2F200001C
:10BBC000006800689DF80F106B4600221A60E123A0
:10BBD00004F01CFD0EE042F23450C2F20000006896
:10BBE00000689DF80F106A46002313601A4604F09F
:10BBF0000DFDFFE7FFE70EE042F23450C2F2000015
:10BC0000006800689DF80F106A46002313601A460A
:10BC100004F0FCFCFFE704B080BD000010B588B064
:10BC200042F29050C2F200000078F0B1FFE742F219
:10BC3000F421C2F20001B1F93C20B1F93E30B1F972
:10BC40004000B1F942C06946C1F804C0086040F242
:10BC50008410C2F20000102105F0A6F842F29051C3
:10BC6000C2F2000100200870FDE042F29150C2F2E1
:10BC70000000007860B3FFE742F2F421C2F2000155
:10BC8000B1F94820B1F94A30B1F94EC091F83A0003
:10BC900091F83B4091F846E091F84710000140EAE6
:10BCA000840040EA4E00084300F03F006946C1F8B6
:10BCB00000C0486040F28410C2F20000112105F07B
:10BCC00073F842F29151C2F2000100200870C9E0FD
:10BCD00042F29250C2F20000007800284CD0FFE7F8
:10BCE00042F24040C2F200000088ADF81E0043F26C
:10BCF0004A50C2F200000078C00768B1FFE7BDF803
:10BD00001E0040F02000ADF81E0043F24A51C2F27E
:10BD1000000100200870FFE740F28420C2F200001A
:10BD2000B0F9002042F6C800C2F2000090ED8F2A60
:10BD300090ED900A9FED691A22EE012ABDEEC22A0B
:10BD400012EE103A20EE010ABDEEC00A10EE100A03
:10BD5000BDF91EC06946C1F804C0086040F28410F5
:10BD6000C2F20000132105F01FF842F29251C2F214
:10BD700000010020087074E042F29350C2F200000B
:10BD8000007800284FD0FFE743F2CA31C2F2000129
:10BD900008780130087040F24400C2F2000090EDD3
:10BDA000000A9FED4E1A20EE010ABDEEC00A10EE09
:10BDB000100AADF81C0040F24800C2F2000090EDFD
:10BDC000000A20EE010ABDEEC00A10EE100AADF81E
:10BDD0001A0043F27450C2F2000090ED000A20EE07
:10BDE000010ABDEEC00A10EE100AADF81800BDF948
:10BDF0001C20BDF91A30BDF9180069464FF0000C3F
:10BE0000CDF814C0C1F804C0086040F28410C2F23A
:10BE10000000142104F0C8FF059842F29351C2F2C9
:10BE2000000108701CE040F2E000C2F2000000785F
:10BE3000A8B1FFE76846002304934360036040F223
:10BE40008410C2F200004FF400711A4604F0ACFFF7
:10BE5000049840F2E001C2F200010870FFE7FFE73A
:10BE6000FFE7FFE7FFE740F28920C2F20000007819
:10BE7000A8B1FFE76846002303934360036040F2E4
:10BE80001010C2F200004FF400711A4604F08CFF4B
:10BE9000039840F28921C2F2000108701CE040F2D0
:10BEA0008820C2F200000078A8B1FFE768460023AE
:10BEB00002934360036040F21010C2F2000040F2AF
:10BEC000FF111A4604F070FF029840F28821C2F276
:10BED00000010870FFE7FFE708B010BD0000C8428E
:10BEE00042F29850C2F200000078022819D1FFE710
:10BEF00042F24850C2F20000018801310180B0F9DD
:10BF00000000A1280CDBFFE742F29851C2F20001C9
:10BF10000020087042F24851C2F200010880FFE799
:10BF200006E042F24851C2F2000100200880FFE71B
:10BF30007047000080B582B042F27840C2F2000043
:10BF40000078BFF35F8FC007B0B9FFE742F27840D7
:10BF5000C2F2000006F041FD70B1FFE742F251501D
:10BF6000C2F20000002102F00DFA42F27840C2F263
:10BF7000000006F048FDFFE742F26C40C2F200000C
:10BF80000078BFF35F8FC007B0B9FFE742F26C40A3
:10BF9000C2F2000006F021FD70B1FFE742F24E5000
:10BFA000C2F20000002102F0EDF942F26C40C2F250
:10BFB000000006F028FDFFE742F26040C2F20000F8
:10BFC0000078BFF35F8FC007B0B9FFE742F260406F
:10BFD000C2F2000006F001FD70B1FFE742F24A50E4
:10BFE000C2F20000002102F0CDF942F26040C2F23C
:10BFF000000006F008FDFFE742F28040C2F20000B8
:10C000000078BFF35F8FC007B0B9FFE742F280400E
:10C01000C2F2000006F0E1FC70B1FFE742F25350BB
:10C02000C2F20000002102F0ADF942F28040C2F2FB
:10C03000000006F0E8FCFFE742F27C40C2F200009C
:10C040000078BFF35F8FC007B0B9FFE742F27C40D2
:10C05000C2F2000006F0C1FC70B1FFE742F252509C
:10C06000C2F20000002102F08DF942F27C40C2F2DF
:10C07000000006F0C8FCFFE742F26440C2F2000094
:10C080000078BFF35F8FC007B0B9FFE742F26440AA
:10C09000C2F2000006F0A1FC70B1FFE742F24B5083
:10C0A000C2F20000002102F06DF942F26440C2F2D7
:10C0B000000006F0A8FCFFE742F27440C2F2000064
:10C0C0000078BFF35F8FC007B0B9FFE742F274405A
:10C0D000C2F2000006F081FC70B1FFE742F250505E
:10C0E000C2F20000002102F04DF942F27440C2F2A7
:10C0F000000006F088FCFFE742F27040C2F2000048
:10C100000078BFF35F8FC007B0B9FFE742F270401D
:10C11000C2F2000006F061FC70B1FFE742F24F503E
:10C12000C2F20000002102F02DF942F27040C2F28A
:10C13000000006F068FCFFE742F26840C2F200002F
:10C140000078BFF35F8FC007B0B9FFE742F26840E5
:10C15000C2F2000006F041FC70B1FFE742F24D5020
:10C16000C2F20000002102F00DF942F26840C2F272
:10C17000000006F048FCFFE740F28A20C2F200000F
:10C180000078082820D0FFE740F28A20C2F20000A1
:10C190000078042818D0FFE740F28A20C2F200009D
:10C1A0000078052810D0FFE740F28A20C2F2000094
:10C1B0000078012808D0FFE740F28A20C2F2000090
:10C1C0000078022807D1FFE743F2C931C2F200012B
:10C1D0000420087006E043F2C931C2F200010020D9
:10C1E0000870FFE743F2C930C2F20000007804286B
:10C1F00040F06C81FFE742F2F420C2F200004021DF
:10C2000002F02CF90146002918BF012142F25150D9
:10C21000C2F2000002F086F8022835D1FFE742F2B0
:10C22000F420C2F20000202102F018F960BBFFE701
:10C2300042F2E820C2F200000178B1FA81F1490926
:10C2400001700078F8B1FFE743F25451C2F20001E7
:10C250000020087042F24C51C2F20001087042F214
:10C260009850C2F20000007860B1FFE741F244311B
:10C27000C2F200010020086042F29851C2F20001AF
:10C280000870FFE7FFE7FFE742F28950C2F20000C3
:10C290000178002918BF012142F25250C2F2000079
:10C2A00002F040F8022811D1FFE742F24C51C2F2ED
:10C2B00000010020087041F24431C2F20001086020
:10C2C00043F25451C2F200010870FFE742F2F42039
:10C2D000C2F200004FF4807102F0C0F8014600295C
:10C2E00018BF012142F24E50C2F2000002F01AF8CB
:10C2F000022822D1FFE742F2F420C2F200002021FE
:10C3000002F0ACF8C8B9FFE742F29850C2F2000060
:10C310000178B1FA81F14909017042F24C52C2F23E
:10C320000002002111700078002818BF012043F29C
:10C330005451C2F200010870FFE742F2F420C2F249
:10C3400000004FF4007102F089F80146002918BF7F
:10C35000012142F24A50C2F2000001F0E3FF02283C
:10C3600048D1FFE742F2F420C2F20000202102F09F
:10C3700075F800283ED1FFE742F29850C2F2000063
:10C380000078B8B3FFE742F29450C2F2000090ED9B
:10C39000000A4AF6C050B5EE400AF1EE10FAC8BFE6
:10C3A0004FF4375040F22001C2F20001086042F21F
:10C3B0004840C2F2000090ED000A9FED501A30EEA6
:10C3C000010A80ED000A41F24431C2F2000100206E
:10C3D000086042F29852C2F200020221117042F249
:10C3E0004C51C2F20001087043F25451C2F20001F4
:10C3F0000870FFE742F29850C2F20000007802286D
:10C400001FD1FFE740F22000C2F20000006840F2B6
:10C41000F831C2F20001098A401A00900028019008
:10C4200002D5009840420190019840F6C31188421D
:10C4300007DCFFE742F29851C2F2000100200870C9
:10C44000FFE742F29850C2F200000078012835D18F
:10C45000FFE742F2F420C2F20000202101F0FEFFCB
:10C4600088B1FFE742F2F420C2F20000012101F09E
:10C47000F5FF40B1FFE743F20851C2F2000108683E
:10C4800032380860FFE742F2F420C2F200002021B7
:10C4900001F0E4FF88B1FFE742F2F420C2F20000AD
:10C4A000022101F0DBFF40B1FFE743F20851C2F285
:10C4B0000001086832300860FFE706E043F20851E7
:10C4C000C2F2000100200860FFE715E042F2985137
:10C4D000C2F200010020087042F2E821C2F200011D
:10C4E000087042F24C51C2F20001087043F2085148
:10C4F000C2F200010860FFE702B080BD000034C353
:10C5000080B542F28440C2F200000078BFF35F8F32
:10C51000C007B0B9FFE742F28440C2F2000006F063
:10C520005CFA70B1FFE742F25450C2F20000002101
:10C5300001F028FF42F28440C2F2000006F063FAE4
:10C54000FFE742F2F420C2F20000802101F086FFF2
:10C550000146002918BF012142F25450C2F20000E6
:10C5600001F0E0FE02280AD1FFE740F2B431C2F246
:10C5700000010878B0FA80F040090870FFE740F247
:10C58000BC30C2F200000078052826D1FFE740F257
:10C59000C430C2F200000088B0F5C87F1CDBFFE7A2
:10C5A00040F28C31C2F200010020087740F2C8311D
:10C5B000C2F20001086040F2C031C2F2000108601E
:10C5C00040F2C431C2F20001088040F2BC31C2F234
:10C5D000000101200870FFE70CE140F28A20C2F25E
:10C5E00000000078062827D1FFE740F2BC31C2F2F4
:10C5F00000010120087042F2F420C2F20000B0F9FC
:10C60000420000EE100AB8EEC00A40F20800C2F282
:10C61000000090ED001A80EE011A40F2C830C2F21C
:10C62000000090ED000AB8EEC00A30EE010ABDEE3F
:10C63000C00A80ED000ADDE040F28A20C2F200006C
:10C64000007805280ED0FFE742F29850C2F20000B1
:10C65000007838B9FFE740F2B430C2F20000007849
:10C6600090B3FFE740F2BC31C2F200010120087034
:10C6700040F2C031C2F2000140F6F850C0F20100B1
:10C68000086040F2C630C2F20000007838B9FFE717
:10C6900040F2C631C2F2000101200870FFE740F20B
:10C6A000C030C2F20000016840F2C830C2F200009F
:10C6B00040F2B833C2F20003DFED4F0A3222B0EE8F
:10C6C000600A00F093FB94E040F28A20C2F200007E
:10C6D0000078042820D0FFE740F28A20C2F2000050
:10C6E0000078082818D0FFE740F28A20C2F2000044
:10C6F0000078072810D0FFE740F28A20C2F200003D
:10C700000078012808D0FFE740F28A20C2F200003A
:10C710000078022822D1FFE740F2BC31C2F20001CA
:10C720000120087040F2C030C2F200000021016018
:10C7300040F2C632C2F200021170016840F2C83005
:10C74000C2F2000040F2B833C2F20003DFED2A0A61
:10C750003222B0EE600A00F049FB49E042F2F420D8
:10C76000C2F20000B0F93C00B0F5FA7F2ADDFFE725
:10C7700042F2F420C2F20000B0F93E0010F5FA7F58
:10C7800020DAFFE740F2BC30C2F200000078012856
:10C7900018D0FFE740F28C31C2F200010020087788
:10C7A000086140F2C831C2F20001086040F2C031B5
:10C7B000C2F20001086040F2C731C2F2000101205C
:10C7C0000870FFE740F2BC31C2F20001002008709F
:10C7D00040F2C631C2F20001087040F28C30C2F261
:10C7E0000000006940F2C831C2F200010860FFE7B2
:10C7F000FFE7FFE780BD00BF0000FA4480B582B0CC
:10C8000043F21850C2F20000807860B9FFE7684632
:10C810000022026041F24830C2F200000421E1230C
:10C8200003F0F4FE2AE041F2C400C2F200000078F6
:10C8300002280DD1FFE76946E120086041F2483047
:10C84000C2F20000042100231A4603F0DFFE14E0C8
:10C8500041F2C400C2F20000007801280CD1FFE7C9
:10C8600068460023036041F24830C2F20000042110
:10C87000E12203F0CBFEFFE7FFE7FFE702B080BD58
:10C8800080B540F28A20C2F200000078B8BBFFE712
:10C8900043F21851C2F200010020887042F2F420E5
:10C8A000C2F20000B0F93C0010F5FA7F0EDAFFE7A3
:10C8B00042F2F420C2F20000B0F93E00B0F5FA7F77
:10C8C00004DDFFE70120FDF7FBFDFFE742F2F42066
:10C8D000C2F20000B0F93C0010F5FA7F0EDAFFE773
:10C8E00042F2F420C2F20000B0F93E0010F5FA7FE7
:10C8F00004DAFFE70020FDF7E3FDFFE7FFE780BD77
:10C9000042F25C50C2F200000078012819D1FFE722
:10C9100042F2F420C2F20000B0F94A0000EE100A20
:10C92000B8EEC00A9FED071A80EE011A42F2585085
:10C93000C2F2000090ED000A30EE010A80ED000A1C
:10C94000FFE77047000020C280B582B08DED010A7C
:10C950009DED010AB2EE041A30EE010A9FED121AA3
:10C9600020EE010A8DED000A9DED000A06F030FE72
:10C970009FED0E1A20EE010A42F2A450C2F200000E
:10C9800080ED000A90ED000A42F2A850C2F20000C9
:10C9900090ED001A30EE410A30EE010A80ED000AF7
:10C9A00090ED000A02B080BD39FA8E3C00008CC2C6
:10C9B000B0B584B0039302920191009042F2B0406E
:10C9C000C2F200000078082801DBFFE71BE042F21A
:10C9D000B041C2F20001087842F2B444C2F200044D
:10C9E00004EB00120501DDF800E00198029BDDF880
:10C9F0000CC044F805E0C2F80CC0936050600878A1
:10CA000001300870FFE704B0B0BD000042F2F4202E
:10CA1000C2F2000090F83A00012810D1FFE742F27C
:10CA2000F420C2F2000090F83B00032807D1FFE792
:10CA300040F28A21C2F2000101200870D6E042F2E1
:10CA4000F420C2F2000090F83A00012810D1FFE76C
:10CA500042F2F420C2F2000090F83B00022807D115
:10CA6000FFE740F28A21C2F2000102200870BCE018
:10CA700042F2F420C2F2000090F83A00032810D1EC
:10CA8000FFE742F2F420C2F2000090F83B000128D8
:10CA900007D1FFE740F28A21C2F2000103200870AB
:10CAA000A2E042F2F420C2F2000090F83A0003281B
:10CAB00010D1FFE742F2F420C2F2000090F83B00F0
:10CAC000032807D1FFE740F28A21C2F200010420C7
:10CAD000087088E042F2F420C2F2000090F83A00B8
:10CAE000032810D1FFE742F2F420C2F2000090F8D0
:10CAF0003B00022807D1FFE740F28A21C2F2000181
:10CB0000052008706EE042F2F420C2F2000090F8B6
:10CB10003A00022810D1FFE742F2F420C2F20000EE
:10CB200090F83B00012807D1FFE740F28A21C2F2CA
:10CB300000010620087054E042F2F420C2F2000026
:10CB400090F83A00022810D1FFE742F2F420C2F236
:10CB5000000090F83B00032807D1FFE740F28A214C
:10CB6000C2F20001072008703AE042F2F420C2F25B
:10CB7000000090F83A00022810D1FFE742F2F420BA
:10CB8000C2F2000090F83B00022807D1FFE740F214
:10CB90008A21C2F200010820087020E042F2F4204D
:10CBA000C2F2000090F83A00012810D1FFE742F2EB
:10CBB000F420C2F2000090F83B00012807D1FFE703
:10CBC00040F28A21C2F200010020087006E040F223
:10CBD0008A21C2F2000100200870FFE7FFE7FFE7AB
:10CBE000FFE7FFE7FFE7FFE7FFE7FFE7704700002A
:10CBF00081B00090009842F2AC41C2F2000108609E
:10CC000001B0704781B08DED000A9DED000AB0EED5
:10CC1000C00A01B070470000B0B58EB042F2F420F7
:10CC2000C2F200004FF4006101F018FC002800F08F
:10CC3000DA80FFE742F2F420C2F20000202101F086
:10CC40000DFC002800F0CF80FFE700208DF83300B6
:10CC5000FFE79DF83300072849DCFFE742F2F421A3
:10CC6000C2F200010991B1F93C20B1F93E30B1F9AD
:10CC70004000B1F942C06946C1F804C0086040F202
:10CC80008410C2F200000A90102104F08DF80520F3
:10CC90000B90F6F7B1FDDDF824C00A98BCF94820E6
:10CCA000BCF94A30BCF94EE09CF83A109CF83B5075
:10CCB0009CF846409CF847C0090141EA850141EAD9
:10CCC000440141EA0C0101F03F01EC46CCF800E0E0
:10CCD000CCF80410112104F067F80B98F6F78CFDDE
:10CCE000FFE79DF8330001308DF83300B1E70020F5
:10CCF000C4F20200042100220892F6F77BFF012013
:10CD00000790F6F779FD089B68464360036040F2A0
:10CD10008410C2F2000006904FF400711A4604F02D
:10CD200043F80798F6F768FD0698089B69464B603C
:10CD30000B6040F2FF111A4604F036F80798F6F738
:10CD40005BFD08988DF83200FFE79DF83200182847
:10CD500032DCFFE76846002304934360036040F23F
:10CD60001010C2F20000039040F2FF111A4604F0C6
:10CD70001BF8049B6846036040F28410C2F2000076
:10CD800019461A4603F034FF05200590F6F734FDE6
:10CD90000398049B69464B600B604FF400711A4680
:10CDA00004F002F80598F6F727FDFFE79DF832003A
:10CDB00001308DF83200C8E7684600234360036005
:10CDC00040F28410C2F200004FF400711A4603F0E2
:10CDD000EBFF0A20F6F710FD01200D900D9880F36F
:10CDE000138801F0EDF90EB0B0BD000080B58AB037
:10CDF000099008918DED070ACDED060A059204937E
:10CE0000099800680899401A01900028029002D5FC
:10CE100001984042029002980599884204DAFFE79F
:10CE20000898099908603FE00998006808998842C5
:10CE30000ADAFFE79DED071A049890ED000A30EE3C
:10CE4000010A80ED000A09E09DED061A049890EDB4
:10CE5000000A30EE410A80ED000AFFE7049890EDE9
:10CE6000000AFFF7CFFEB7EE001AB4EE410AF1EE6A
:10CE700010FA18DBFFE7049890ED000ABDEEC00A37
:10CE80008DED030A039A09990868104408609DED26
:10CE9000030AB8EEC01A049890ED000A30EE410A79
:10CEA00080ED000AFFE7FFE70AB080BD80B590B0D3
:10CEB0000F9042F6DC70C2F200000068006800F0DB
:10CEC00010010020B0EB111F00F0D280FFE7FFE758
:10CED00000200C9042F6DC70C2F200000168096884
:10CEE0000C91006840680C900C98FFE742F6DC70EB
:10CEF000C2F200000890016809680E910168496853
:10CF00000E91F9F7ADFF08980F99096849680D91DE
:10CF10000D9940F28A220A92511A42F2A623C2F2D5
:10CF20000003198042F2A421C2F2000109910B789A
:10CF3000B3FA83F35B090B70097841F69053C2F2A0
:10CF400000030B9311FB0231FAF7E2FC09990A9AEC
:10CF50000B9843F2445CC2F2000C9CF800300133A1
:10CF60008CF800300978B1FA81F149095143405CED
:10CF700056287CD1FFE742F2A420C2F200000078DC
:10CF8000B0FA80F0400941F69052C2F2000240F23D
:10CF90008A2110FB01204078442868D1FFE742F243
:10CFA000A620C2F200000088B0F5987F5FD1FFE7AD
:10CFB00042F2A420C2F2000005900078B0FA80F09E
:10CFC000400941F69052C2F20002069240F28A21D4
:10CFD000079110FB0120011D40F21450C2F2000025
:10CFE00002904FF496720392F3F73AFA0299039B78
:10CFF0006A464FF44470106041F2D060C2F2000003
:10D0000041F65442C2F20002049203F063FB049919
:10D0100043F2B400C2F2000040F23512FAF744FDC8
:10D020000599069B079A40F2FE1CC2F2000C8CF890
:10D0300000000878B0FA80F0400900FB02FC0020F4
:10D0400003F80C000978B1FA81F1490911FB0231AA
:10D05000487042F2A921C2F200010878013008703C
:10D0600042F2A821C2F2000101200870FFE7FFE7A9
:10D0700010B080BD84B08DED030A9DED030AB6EEBD
:10D08000001A20EE010A8DED020A03980190019822
:10D090000090009945F6DF10C5F63770A0EB6100EF
:10D0A0000090009801909DED010A9DED021A21EE7D
:10D0B000001A21EE002AB7EE081A31EE421A20EECD
:10D0C000010A8DED010A9DED010A04B070470000D0
:10D0D00080B586B08DF817009DF8170038B1FFE7CE
:10D0E00040F2D801C2F200010120087051E040F284
:10D0F0008A20C2F200000078082810D0FFE740F232
:10D100008A20C2F200000078052808D0FFE740F22C
:10D110008A20C2F20000007802281DD1FFE740F209
:10D12000D801C2F200010320087040F2E800C2F208
:10D130000000016940F2E402C2F2000211600069DD
:10D1400040F2DC01C2F20001086040F2D901C2F2F3
:10D150000001002008701BE040F2D801C2F200017B
:10D160000020087040F2E801C2F200010A6940F2B2
:10D17000E403C2F200031A60096940F2DC02C2F261
:10D180000002116040F2D901C2F200010870FFE70D
:10D19000FFE740F28A20C2F200000078052808D09C
:10D1A000FFE740F28A20C2F20000007802284ED148
:10D1B000FFE742F2F420C2F20000B0F93E0010F5A1
:10D1C000FA7F2BDAFFE742F2F420C2F20000B0F956
:10D1D0003C0010F5FA7F21DAFFE740F2D800C2F2F6
:10D1E00000000078012819D0FFE740F2E801C2F200
:10D1F0000001B1F9080042F26452C2F2000210606C
:10D200000020087740F2E402C2F20002106040F20F
:10D21000DC02C2F2000210600861FFE742F2F42073
:10D22000C2F20000B0F93C00B0F5167F07DDFFE761
:10D2300040F2D901C2F200010120087006E040F27C
:10D24000D901C2F2000100200870FFE7FFE740F2B9
:10D250008A20C2F200000078082810D0FFE740F2D0
:10D260008A20C2F200000078042808D0FFE740F2CC
:10D270008A20C2F20000007801283DD1FFE742F287
:10D28000F420C2F2000090F84610002918BF0121D6
:10D2900041F68A50C2F2000001F044F88DF8160001
:10D2A0009DF81600022819D1FFE79DF81700A8B1D4
:10D2B000FFE743F20E50C2F20000007802280DD0C2
:10D2C000FFE741F2A561C2F200010120087041F2BE
:10D2D000AC61C2F20001002008800CE09DF816004D
:10D2E000012807D1FFE741F2AC61C2F20001002042
:10D2F0000880FFE7FFE7FFE740F2D800C2F2000036
:10D300000078012840F09480FFE740F2D900C2F293
:10D3100000000178002918BF012141F68950C2F2AE
:10D32000000000F0FFFF022807D1FFE741F2A561EE
:10D33000C2F2000101200870FFE740F2E801C2F2EA
:10D3400000010B694DF25300C9F6F87050FB03322F
:10D35000901300EBD27046F26B6200FB1230049027
:10D3600040F2DC00C2F2000000680969401A039034
:10D3700041F2A560C2F200000078C007002850D03A
:10D38000FFE7039801900028029002D501984042DF
:10D390000290029840F6C311884242DCFFE742F651
:10D3A000A000C2F200000078C00748B9FFE742F2CF
:10D3B000F420C2F20000202101F050F888B3FFE70A
:10D3C00004984BF2DF11CFF6FF71884208DCFFE7CB
:10D3D000049943F22A30CFF6FF70401A009007E01C
:10D3E000049949F69510CFF6FF70401A0090FFE7B8
:10D3F000009843F25051C2F20001086040F2E80088
:10D40000C2F2000000690968084440F2DC01C2F27F
:10D410000001086043F24A51C2F200010120087085
:10D42000FFE741F2A561C2F2000100200870FFE7AA
:10D4300006B080BD80B58AB00990ADF822108DEDA0
:10D44000070ACDED060AADF8162004930998B0F945
:10D450000000BDF92210401A01900028029002D568
:10D460000198404202900298BDF91610884205DAF0
:10D47000FFE7BDF822000999088041E00998B0F95A
:10D480000000BDF9221088420ADAFFE79DED071A75
:10D49000049890ED000A30EE010A80ED000A09E0E0
:10D4A0009DED061A049890ED000A30EE410A80EDD9
:10D4B000000AFFE7049890ED000AFFF7A3FBB7EE20
:10D4C000001AB4EE410AF1EE10FA18DBFFE70498F7
:10D4D00090ED000ABDEEC00A8DED030A039A09998A
:10D4E0000888104408809DED030AB8EEC01A04981D
:10D4F00090ED000A30EE410A80ED000AFFE7FFE7F9
:10D500000AB080BD80B582B042F28840C2F200000D
:10D510000078BFF35F8FC007B0B9FFE742F28840E1
:10D52000C2F2000005F059FA70B1FFE742F268500C
:10D53000C2F20000002100F025FF42F28840C2F252
:10D54000000005F060FAFFE742F28C40C2F20000F2
:10D550000078BFF35F8FC007B0B9FFE742F28C409D
:10D56000C2F2000005F039FA70B1FFE742F26C50E8
:10D57000C2F20000002100F005FF42F28C40C2F22E
:10D58000000005F040FAFFE742F2F420C2F200008A
:10D5900090F84710002918BF012142F26850C2F2EA
:10D5A000000000F0BFFE8DF807009DF8070002287C
:10D5B0002BD1FFE743F20C51C2F20001002008809A
:10D5C00043F2C830C2F20000007880B1FFE742F2B7
:10D5D0006A50C2F200000088B0F52F7F07DAFFE73B
:10D5E00043F20E51C2F20001022008700CE043F237
:10D5F0000E51C2F200010120087043F2C831C2F29C
:10D60000000100200870FFE722E09DF807000128D4
:10D610001DD1FFE742F26A51C2F2000100200880EA
:10D6200043F20C50C2F200000088B0F5967F07DA92
:10D63000FFE743F2C831C2F2000101200870FFE7A2
:10D6400043F20E51C2F2000100200870FFE7FFE72D
:10D6500042F2F420C2F2000090F8470070B1FFE7F8
:10D6600043F20C51C2F2000108880130088042F2F6
:10D670006A51C2F200010020088024E042F26A519F
:10D68000C2F2000108880130088043F20C51C2F256
:10D6900000010020088043F2C830C2F20000007888
:10D6A00080B1FFE742F26A50C2F200000088B0F594
:10D6B0002F7F07DBFFE743F2C831C2F200010020F1
:10D6C0000870FFE7FFE740F28A20C2F2000000780E
:10D6D00008287ED1FFE742F2F420C2F2000090F861
:10D6E000470000286DD0FFE743F20E50C2F2000061
:10D6F0000078012817D1FFE743F20C50C2F2000076
:10D700000088B0F52F7F0EDBFFE743F21851C2F21D
:10D7100000010120887043F27A51C2F200010878BA
:10D72000013008704CE043F20E50C2F20000007865
:10D73000022844D1FFE743F20C50C2F200000088F7
:10D7400064283CDBFFE743F21851C2F200010120DC
:10D75000887041F2B060C2F200000078022826D141
:10D76000FFE740F21400C2F200000088F8B9FFE7BA
:10D7700042F6A000C2F200000078C00748B9FFE7F7
:10D7800042F2F420C2F20000202100F067FE70B1E6
:10D79000FFE741F2A561C2F200010120087040F2EA
:10D7A0001401C2F2000140F242300880FFE743F268
:10D7B0007B51C2F20001087801300870FFE7FFE7F3
:10D7C00006E043F21851C2F2000100208870FFE722
:10D7D000D8E040F28A20C2F200000078012840F030
:10D7E000C280FFE741F2B060C2F20000007848BB9F
:10D7F000FFE743F21850C2F20000807810B3FFE751
:10D8000040F28621C2F200010120087043F2185153
:10D81000C2F200010020887040F24C00C2F2000009
:10D82000006842F24841C2F20001086042F6C800B6
:10D83000C2F20000D0F83C0241F24431C2F20001D1
:10D840000860FFE742F2F420C2F20000B0F93E00A7
:10D85000B0F5FA7F7ADDFFE742F28851C2F20001AB
:10D860000120087043F21851C2F20001887040F2A2
:10D870008621C2F20001087041F2B060C2F20000DD
:10D880000078022830D1FFE740F21400C2F2000015
:10D89000008848BBFFE742F2F420C2F20000B0F972
:10D8A0003C0010F5FA7F1FDAFFE742F6A000C2F253
:10D8B00000000078C00748B9FFE742F2F420C2F246
:10D8C0000000202100F0CAFD70B1FFE741F2A56120
:10D8D000C2F200010120087040F21401C2F20001FE
:10D8E00040F24230088030E040F21400C2F2000002
:10D8F000008848BBFFE742F2F420C2F20000B0F912
:10D900003C00B0F5FA7F1FDDFFE742F6A000C2F24F
:10D9100000000078C00748B9FFE742F2F420C2F2E5
:10D920000000202100F09AFD70B1FFE741F2A561EF
:10D93000C2F200010120087040F21401C2F200019D
:10D9400040F242300880FFE7FFE70BE040F286211B
:10D95000C2F200010020087043F21851C2F2000127
:10D960008870FFE70DE040F21401C2F2000140F2BE
:10D97000A110088043F21851C2F200010020887003
:10D98000FFE7FFE702B080BD40F2D800C2F200001E
:10D990000078012849D1FFE740F2B060C2F20000F0
:10D9A00090ED0F0A9FED211AB4EE410AF1EE10FA44
:10D9B00033DAFFE742F27050C2F200000188013111
:10D9C00001800088B0F5FA7F26DDFFE740F2E8002D
:10D9D000C2F20000026940F2DC01C2F200010A60FA
:10D9E000006940F2E402C2F20002106040F2260038
:10D9F000C2F20000028808681044086042F26E51CA
:10DA0000C2F2000108880130088042F27051C2F26F
:10DA1000000100200880FFE706E042F27051C2F2E8
:10DA2000000100200880FFE7FFE7704700C05AC6EA
:10DA300080B584B042F29840C2F200000078BFF393
:10DA40005F8FC007B0B9FFE742F29840C2F2000012
:10DA500004F0C3FF70B1FFE742F27E50C2F2000053
:10DA6000002100F08FFC42F29840C2F2000004F066
:10DA7000CAFFFFE742F29040C2F200000078BFF315
:10DA80005F8FC007B0B9FFE742F29040C2F20000DA
:10DA900004F0A3FF70B1FFE742F27C50C2F2000035
:10DAA000002100F06FFC42F29040C2F2000004F04E
:10DAB000AAFFFFE742F29440C2F200000078BFF3F1
:10DAC0005F8FC007B0B9FFE742F29440C2F2000096
:10DAD00004F083FF70B1FFE742F27D50C2F2000014
:10DAE000002100F04FFC42F29440C2F2000004F02A
:10DAF0008AFFFFE742F29C40C2F200000078BFF3C9
:10DB00005F8FC007B0B9FFE742F29C40C2F200004D
:10DB100004F063FF70B1FFE742F27F50C2F20000F1
:10DB2000002100F02FFC42F29C40C2F2000004F001
:10DB30006AFFFFE740F28A20C2F200000078052861
:10DB400007D0FFE742F29850C2F20000007858B1C7
:10DB5000FFE740F20000C2F20000008840F204013A
:10DB6000C2F20001088012E040F28A20C2F20000F6
:10DB7000007858B1FFE740F20200C2F200000088CE
:10DB800040F20401C2F200010880FFE7FFE740F223
:10DB90008A20C2F20000007800285DD1FFE742F23F
:10DBA000F420C2F20000B0F94010002011F5FA7F15
:10DBB00002900DDAFFE742F2F420C2F20000B0F961
:10DBC00042100020B1F5FA7FC8BF01200290FFE7A4
:10DBD000029800F0010142F28050C2F20000017090
:10DBE0000178002918BF012142F27F50C2F20000E3
:10DBF00000F098FB02282ED1FFE740F28620C2F207
:10DC000000000078012826D0FFE740F20400C2F2AD
:10DC10000000B0F9000040F20001C2F20001B1F9C9
:10DC2000001088420BD1FFE740F20200C2F2000070
:10DC3000008840F20401C2F2000108800AE040F2CC
:10DC40000000C2F20000008840F20401C2F20001AC
:10DC50000880FFE7FFE721E040F28A20C2F20000DF
:10DC60000078052808D0FFE740F28A20C2F20000C1
:10DC70000078022811D1FFE742F2F420C2F200003E
:10DC8000B0F93E100020B1F5167FC8BF012040F268
:10DC90008621C2F200010870FFE7FFE740F28A2008
:10DCA000C2F200000078082820D0FFE740F28A2066
:10DCB000C2F200000078042818D0FFE740F28A2062
:10DCC000C2F200000078052810D0FFE740F28A2059
:10DCD000C2F200000078012808D0FFE740F28A2055
:10DCE000C2F200000078022876D1FFE742F2F42069
:10DCF000C2F200004FF4004100F0B0FB01460029E1
:10DD000018BF012142F27E50C2F2000000F00AFB6F
:10DD1000022813D1FFE742F2F420C2F200002021D2
:10DD200000F09CFB50B9FFE740F28621C2F20001EF
:10DD30000878B0FA80F040090870FFE742F2F4205A
:10DD4000C2F200004FF4005100F088FB01460029A8
:10DD500018BF012142F27C50C2F2000000F0E2FA4A
:10DD6000022811D1FFE742F2F420C2F20000202184
:10DD700000F074FB40B9FFE742F27251C2F20001B9
:10DD800008883230088026E042F2F420C2F2000017
:10DD90004FF4805100F062FB0146002918BF0121B9
:10DDA00042F27D50C2F2000000F0BCFA022811D10C
:10DDB000FFE742F2F420C2F20000202100F04EFB07
:10DDC00040B9FFE742F27251C2F2000108883238CE
:10DDD0000880FFE7FFE7FFE740F28A20C2F2000079
:10DDE000007800284FD1FFE740F28921C2F20001FC
:10DDF0000120087040F28821C2F20001087040F250
:10DE00008321C2F2000100200190087040F28221BB
:10DE1000C2F20001087040F28721C2F200010870CE
:10DE200040F28621C2F20001087040F28421C2F261
:10DE30000001088040F28021C2F20001088041F216
:10DE40009E61C2F20001088041F68E51C2F20001CB
:10DE5000088041F29C61C2F20001088040F21C215E
:10DE6000C2F20001088041F68C51C2F20001088024
:10DE700042F27451C2F20001088042F27851C2F2BB
:10DE80000001086006E040F28721C2F20001012093
:10DE90000870FFE740F28620C2F20000007878B1F7
:10DEA000FFE740F20400C2F20000B0F9000042F2C5
:10DEB0007251C2F20001B1F900100844009002E072
:10DEC00000200090FFE70098ADF80E00BDF90E109D
:10DED00042F27450C2F2000042F27853C2F20003E0
:10DEE000DFED250A4FF49672B0EE600AFFF7A2FA52
:10DEF00040F28720C2F20000007878B3FFE742F2D8
:10DF00007450C2F2000001880E3940F28022C2F241
:10DF1000000211800188063941F29E62C2F20002BD
:10DF200011800188143941F68E52C2F2000211802C
:10DF300001880F3941F29C62C2F20002118001880F
:10DF4000073940F21C22C2F20002118000880E380C
:10DF500041F68C51C2F20001088006E042F2745191
:10DF6000C2F2000100200880FFE740F28620C2F2E2
:10DF70000000007804B080BD0000484380B584B044
:10DF800042F2A440C2F200000078BFF35F8FC007E6
:10DF9000B0B9FFE742F2A440C2F2000004F01DFD58
:10DFA00070B1FFE742F28250C2F20000002100F09F
:10DFB000E9F942F2A440C2F2000004F024FDFFE7B8
:10DFC00042F2A040C2F200000078BFF35F8FC007AA
:10DFD000B0B9FFE742F2A040C2F2000004F0FDFC3D
:10DFE00070B1FFE742F28150C2F20000002100F060
:10DFF000C9F942F2A040C2F2000004F004FDFFE7BC
:10E0000042F6C800C2F2000090F80802002818BFCB
:10E0100001208DF80F009DF80F0078B3FFE740F264
:10E020008A20C2F200000078082818D0FFE740F2EA
:10E030008A20C2F200000078042810D0FFE740F2E6
:10E040008A20C2F200000078012808D0FFE740F2E1
:10E050008A20C2F20000007807280FD1FFE742F2C1
:10E060009850C2F200000078012807D0FFE743F281
:10E070007951C2F20001022008709FE040F28A202C
:10E08000C2F20000007805281CD0FFE740F28A2089
:10E09000C2F200000078022814D0FFE79DF80F00BC
:10E0A00040B9FFE740F28A20C2F200000078082859
:10E0B00008D0FFE742F29850C2F200000078012831
:10E0C00007D1FFE743F27951C2F200010120087045
:10E0D00073E042F2F420C2F20000B0F93C100020DC
:10E0E000B1F5FA7F02900DDDFFE742F2F420C2F2B3
:10E0F0000000B0F93E100020B1F5FA7FC8BF012042
:10E100000290FFE7029800F0010142F28150C2F252
:10E11000000000F007F902280CD1FFE742F6C80022
:10E12000C2F20000D0F8400242F2EC21C2F200013B
:10E1300008602CE042F2F420C2F20000B0F93C107A
:10E140000020B1F5FA7F01900DDDFFE742F2F420E7
:10E15000C2F20000B0F93E10002011F5FA7FB8BFFE
:10E1600001200190FFE7019800F0010142F2825086
:10E17000C2F2000000F0D6F8022807D1FFE743F210
:10E180007851C2F2000101200870FFE7FFE743F277
:10E190007951C2F200010020087040F24C01C2F235
:10E1A0000001096842F24842C2F20002116042F2E4
:10E1B000F021C2F200010860FFE7FFE704B080BD74
:10E1C000BFF34F8F4EF60C51CEF20001086800F4F9
:10E1D000E0600422C0F2FA5210430860BFF34F8F90
:10E1E000FFE700BFFDE7000083B002908DED010A5C
:10E1F0000298009040F22800C2F200000078012846
:10E200000AD1FFE7009940F22802C2F20002002082
:10E21000107001984861FFE7009890ED030A90EDB7
:10E22000051A9DED012A32EE412A20EE020A30EE57
:10E23000010A80ED060A8169416190ED060A03B08A
:10E240007047000080B58AB009900998089001686D
:10E25000009141680491806806F01AF841EC100BB7
:10E2600053EC102B1046194605F0BEFC02460098F0
:10E2700001920A46019942EC101B8DED020B06F04B
:10E2800007F89DED020B41EC110B53EC112B51ECF7
:10E29000100B05F011FE0246049805920A460599F6
:10E2A00042EC101B8DED060B05F0F2FF9DED061BF9
:10E2B00041EC100B51EC110B53EC102B05F0FCFD55
:10E2C00041EC100B51EC100B05F05CFC014608987A
:10E2D000016190ED040AB7EE001A30EE011A80EEEB
:10E2E000010A80ED030A0AB080BD000084B00390EB
:10E2F0008DED020ACDED010A8DED001A0398029909
:10E30000016001994160009981600021416104B080
:10E310007047000081B0009000984FF49671C16181
:10E3200001B0704784B002908DF8071002980090F9
:10E330009DF80700C00760B1FFE700980078C007AC
:10E3400038B9FFE700990120087002208DF80F000E
:10E3500014E09DF80700C00760B9FFE70098007857
:10E36000C00738B1FFE700990020087001208DF840
:10E370000F0003E000208DF80F00FFE79DF80F006D
:10E3800004B0704782B001908DF8031001989DF899
:10E39000031001F00101017002B0704781B00090DC
:10E3A000009900208887C887A1F84000A1F84200A2
:10E3B000A1F84400012281F83A2081F83B20A1F81D
:10E3C0004800A1F84A00A1F84C0081F8460081F805
:10E3D0004700A1F84E0001B07047000080B582B040
:10E3E00001900198009000F007FA90B9FFE70098BB
:10E3F00000F0B0F8009800F0CBF90098D0F81811B0
:10E400000131C0F81811012180F8101100F058FBFB
:10E41000FFE702B080BD000081B0009000990020AD
:10E42000A1F85200A1F85400A1F85600A1F8580034
:10E43000012281F8502081F8512081F85C0081F898
:10E440005D00A1F85E00A1F86000A1F86200A1F8EB
:10E450005A00A1F8640001B07047000083B0019039
:10E46000ADF802100198B0F84E00BDF80210084255
:10E4700004D0FFE701208DF80B0003E000208DF8A9
:10E480000B00FFE79DF80B0003B0704781B00090D0
:10E490000099087A4A7A40EA02206FF3DF20A0F55B
:10E4A0008060A1F85200487A8A7AC00840EA421097
:10E4B0006FF3DF20A0F58060A1F85400887ACB7A52
:10E4C0000A7B800940EA830040EA82206FF3DF2064
:10E4D000A0F58060A1F85600087B4A7B400840EA1E
:10E4E000C2106FF3DF20A0F58060A1F85800487BD0
:10E4F000800981F85000487BC0F3011081F8510079
:10E50000887BCA7B40EA0220A1F85E00087C4A7C36
:10E5100040EA0220A1F86000887CCA7C40EA022020
:10E52000A1F86200087D81F85C00487D81F85D00FB
:10E53000887DCA7D40EA0220A1F86400087E4A7EF8
:10E5400040EA02206FF3DF20A0F58060A1F85A00B6
:10E5500001B0704781B00090009991F8CC0091F81B
:10E56000CD2040EA02206FF3DF20A0F58060A1F803
:10E57000A60091F8CD0091F8CE20C00840EA4210E4
:10E580006FF3DF20A0F58060A1F8A80091F8CE001D
:10E5900091F8CF3091F8D020800940EA830040EA1A
:10E5A00082206FF3DF20A0F58060A1F8AA0091F827
:10E5B000D00091F8D120400840EAC2106FF3DF206C
:10E5C000A0F58060A1F8AC0091F8D100C0F3011073
:10E5D00081F8AE0091F8D100C0F3801081F8AF004F
:10E5E00091F8D100C00981F8B00091F8D20000F094
:10E5F000010081F8B10091F8D20091F8D3204008D1
:10E6000040EAC2106FF3DF20A0F58060A1F8B200ED
:10E6100091F8D300C0F3001081F8B40091F8D40051
:10E6200091F8D52040EA0220A1F8B60091F8D60072
:10E6300091F8D72040EA0220A1F8B80091F8D8005C
:10E6400091F8D92040EA0220A1F8BA0091F8DA0046
:10E6500000F0030081F8BC0091F8DA00C0F38100FB
:10E6600081F8BD0091F8DA00C0F3011081F8BE0016
:10E6700091F8DB0091F8DC2040EA0220A1F8C0000C
:10E6800091F8DD0091F8DE2040EA0220A1F8C200F6
:10E6900001B0704780B582B0019001980021A0F8C8
:10E6A000A610A0F8A810A0F8AA10A0F8AC1080F846
:10E6B000AE1080F8AF1080F8B01080F8B110A0F85C
:10E6C000B21080F8B410A0F8B610A0F8B810A0F8F6
:10E6D000BA1080F8BC1080F8BD1080F8BE10A0F809
:10E6E000C010A0F8C21000F051F902B080BD0000C7
:10E6F00080B582B0019001980090B0F8C610013149
:10E70000A0F8C610B0F8C600082814DBFFE7009890
:10E71000002180F86610FFF77FFE009800F040F9B6
:10E72000009800F02DF800980068F8F7A9FA009812
:10E7300000F024FAFFE702B080BD000080B582B08F
:10E74000019001980090B0F8C8100131A0F8C810ED
:10E75000B0F8C800082811DBFFE70098002180F816
:10E760001011FFF797FF009800F012F8009840682A
:10E77000F8F786FA009800F025FAFFE702B080BDAE
:10E7800081B0009000990020A1F8C60001B0704748
:10E7900081B0009000990020A1F8C80001B0704736
:10E7A00080B584B0029002980190B0F94C00A0B9F5
:10E7B000FFE70198807E80B9FFE70198C07E60B9CD
:10E7C000FFE7019890F84700012806DCFFE7019871
:10E7D00090F84600022807DBFFE70198FFF71CFED0
:10E7E00001208DF80F0003E000208DF80F00FFE7F7
:10E7F0009DF80F0004B080BD83B001900198009097
:10E8000090F8CA00A9280AD1FFE7009890F8CB0039
:10E81000532804D1FFE700208DF80B0003E001200E
:10E820008DF80B00FFE79DF80B0003B07047000068
:10E8300080B582B001900198009090F8CA00A52898
:10E8400040F0A180FFE7009890F8D000032840F046
:10E850009A80FFE7009890F8CF00022840F092805D
:10E86000FFE70098D0F8D110C0F88510D0F8D51087
:10E87000C0F88910D0F8D910C0F88D10D0F8DD108C
:10E88000C0F89110D0F8E110C0F89510D0F8E5105C
:10E89000C0F89910D0F8E910C0F89D1090F8EE106B
:10E8A00080F8A11090F8EF1080F8A210D0F8850041
:10E8B00000EE100A02F0BEFDB0BBFFE70098D0F8F2
:10E8C000890000EE100A02F0B5FD68BBFFE7009872
:10E8D000D0F88D0000EE100A02F0ACFD20BBFFE77F
:10E8E0000098D0F8910000EE100A02F0A3FDD8B90C
:10E8F000FFE70098D0F8950000EE100A02F09AFDAC
:10E9000090B9FFE70098D0F8990000EE100A02F0E5
:10E9100091FD48B9FFE70098D0F89D0000EE100A7D
:10E9200002F088FD38B1FFE70099D1F824010130E9
:10E93000C1F8240125E00099D1F88500C1F86700ED
:10E94000D1F88900C1F86B00D1F88D00C1F86F00D3
:10E95000D1F89100C1F87300D1F89500C1F87700A3
:10E96000D1F89900C1F87B00D1F89D00C1F87F0073
:10E97000012081F81101D1F820010130C1F82001F6
:10E98000FFE7FFE7FFE702B080BD000080B582B07F
:10E9900001900198CA304621F1F7D9FD02B080BD3F
:10E9A00080B582B00190019808303221F1F7F1FD75
:10E9B00002B080BD80B584B00390039800900068D9
:10E9C0000068006800F010010020B0EB111F33D088
:10E9D000FFE7FFE7009800210191016809680968D5
:10E9E000019100680068406801900198FFE7009875
:10E9F000016809680968029101680968496802911B
:10EA00000068F8F72DFA0098FFF7CAFE68B9FFE72B
:10EA10000098FFF73BFD0098FFF7B2FE0098012138
:10EA200080F8661000F04CF8FFE7009951F8080BE9
:10EA30003222F8F76DFFFFE704B080BD80B586B0E5
:10EA400004900498019040680068006800F010018C
:10EA50000020B0EB111F1ED0FFE7FFE70198002157
:10EA6000029141680968096802914068006840683D
:10EA700002900298FFE701984168096809680391CC
:10EA800041680968496803914068F8F7E9F901208D
:10EA90008DF8170003E000208DF81700FFE79DF8C0
:10EAA000170006B080BD000080B582B001900199CA
:10EAB0004868CA314622F8F72BFF02B080BD00003B
:10EAC00080B582B001900198009090F8660048B936
:10EAD000FFE7009890F8100120B9FFE70098FFF7D2
:10EAE0005DFC48E0009890F8660048B1FFE70098A8
:10EAF00090F8100120B9FFE7009800F081F839E0A4
:10EB0000009890F8660048B9FFE7009890F8100167
:10EB100020B1FFE7009800F0ABF82AE0009890F8E9
:10EB2000660028B3FFE7009890F8100100B3FFE7F4
:10EB3000009890F8AE0020B9FFE7009800F060F868
:10EB400015E0009890F8AE00012804D1FFE7009886
:10EB500000F08EF80AE0009890F8AE00022804D188
:10EB6000FFE7009800F084F8FFE7FFE7FFE7FFE723
:10EB7000FFE7FFE7FFE702B080BD000080B582B08D
:10EB8000019001980090FFF747FC0098FFF708FFFD
:10EB900000980068406848F2A061C0F20101884214
:10EBA00001D0FFE70CE0009908680268D06840F0E7
:10EBB0001000D06051F8080B3222F8F7A9FEFFE7E9
:10EBC00002B080BD80B582B0019001980090FFF73F
:10EBD00061FD009840684068B0F5612F01D0FFE703
:10EBE0000CE0009948680268D06840F01000D060DE
:10EBF0004868CA314622F8F78BFEFFE702B080BDB5
:10EC000081B000900099B1F852008887B1F85400A3
:10EC1000C887B1F85600A1F84000B1F85800A1F833
:10EC2000420091F8500081F83A0091F8510081F8C3
:10EC30003B00B1F85E00A1F84800B1F86000A1F80F
:10EC40004A00B1F86200A1F84C0091F85C0081F82C
:10EC5000460091F85D0081F84700B1F86400A1F822
:10EC60004E00B1F85A00A1F8440001B0704700000E
:10EC700082B0019001980090B0F8A6108187B0F89A
:10EC8000A810C187B0F8AC10A0F84010B0F8AA10D6
:10EC9000A0F84210B0F8C010A0F84E1090F8AE00E6
:10ECA000012807D1FFE70099022081F83A0081F896
:10ECB0003B0006E00099012081F83A0081F83B0012
:10ECC000FFE70099B1F8B600A1F84800B1F8B80024
:10ECD000A1F84A00B1F8BA00A1F84C0091F8BC00C4
:10ECE00081F8460091F8BD0081F84700B1F8B20004
:10ECF000A1F8440002B070478AB0089007910692CC
:10ED000008990391099107980860069848600020C7
:10ED1000087201F109003A3104910590FFE7059965
:10ED2000049A002001F8010B084691420590F6D1A3
:10ED3000FFE703990020009081F83A0081F83B003A
:10ED40008887C887A1F84000A1F84200A1F84400D4
:10ED500081F8460081F84700A1F84800A1F84A0070
:10ED6000A1F84C00A1F84E0081F8500081F8510044
:10ED7000A1F85200A1F85400A1F85600A1F85800DB
:10ED8000A1F85A0081F85C0081F85D00A1F85E00EE
:10ED9000A1F86000A1F86200A1F8640081F86600A3
:10EDA000C1F86700C1F86B00C1F86F00C1F87300CB
:10EDB000C1F87700C1F87B00C1F87F0081F88300BB
:10EDC00081F88400C1F88500C1F88900C1F88D0080
:10EDD000C1F89100C1F89500C1F89900C1F89D00F3
:10EDE00081F8A10081F8A20081F8A40081F8A500B3
:10EDF000A1F8A600A1F8A800A1F8AA00A1F8AC000B
:10EE000081F8AE0081F8AF0081F8B00081F8B10060
:10EE1000A1F8B20081F8B400A1F8B600A1F8B800DA
:10EE2000A1F8BA0081F8BC0081F8BD0081F8BE00ED
:10EE3000A1F8C000A1F8C2004FF6FF72A1F8C420EB
:10EE4000A1F8C600A1F8C80081F8CA0001F1CB0002
:10EE500001F5887101910290FFE70299019A002063
:10EE600001F8010B084691420290F6D1FFE70399A1
:10EE7000002081F8100181F81101C1F81401C1F8D6
:10EE80001801C1F81C01C1F82001C1F8240109983A
:10EE90000AB0704781B0009000980021C4F2482168
:10EEA00001604FF07C51416040F6DA71C4F24901D3
:10EEB000816001B07047000081B00090009800218F
:10EEC000C4F2482101604FF07C51416040F6DA7194
:10EED000C4F24901816001B07047000081B0009028
:10EEE00000980021C4F2482101604FF07C5141603C
:10EEF00040F6DA71C4F24901816001B07047000048
:10EF000081B0009000980021C4F2482101604FF0C8
:10EF10007C51416040F6DA71C4F24901816001B070
:10EF20007047000081B0009000980021C4F2482191
:10EF300001604FF07C51416040F6DA71C4F2490142
:10EF4000816001B07047000081B0009000980021FE
:10EF5000C4F2482101604FF07C51416040F6DA7103
:10EF6000C4F24901816001B07047000080B59EB0D5
:10EF70001D908DED1C0ACDED1B0A8DED1A1ACDEDFD
:10EF8000191A8DED182ACDED172A1D98009041F21F
:10EF90006F21C3F603211691D0F828120F91D0F8F3
:10EFA0002C120E91D0F830120D91D0F834020C9042
:10EFB0009DED0F0A20EE000A8DED0B0A9DED0F0A64
:10EFC0009DED0E1A20EE010A8DED0A0A9DED0F0A45
:10EFD0009DED0D1A20EE010A8DED090A9DED0F0A37
:10EFE0009DED0C1A20EE010A8DED080A9DED0E0A2A
:10EFF00020EE000A8DED070A9DED0E0A9DED0D1A1B
:10F0000020EE010A8DED060A9DED0E0A9DED0C1A0B
:10F0100020EE010A8DED050A9DED0D0A20EE000A95
:10F020008DED040A9DED0D0A9DED0C1A20EE010AEE
:10F030008DED030A9DED0C0A20EE000A8DED020A0B
:10F040009DED190A9DED181A21EE011A20EE000A15
:10F0500030EE011A9DED170A20EE000A30EE010A8B
:10F06000FEF708F88DED010A9DED190A9DED011AD4
:10F0700020EE010A8DED190A9DED180A9DED011A89
:10F0800020EE010A8DED180A9DED170A9DED011A7B
:10F0900020EE010A8DED170A9DED050A9DED091A76
:10F0A00030EE410A30EE000A8DED150A9DED0A0A98
:10F0B0009DED031A30EE010A30EE000A8DED140AC0
:10F0C0009DED0B0A9DED071A30EE410A9DED041AE5
:10F0D00030EE410A9DED021A30EE010A8DED130A61
:10F0E0009DED180A9DED132A9DED171A9DED143A1A
:10F0F00021EE031A20EE020A30EE410A8DED120ACB
:10F100009DED170A9DED152A9DED191A9DED133AF7
:10F1100021EE031A20EE020A30EE410A8DED110AAB
:10F120009DED190A9DED142A9DED181A9DED153AD5
:10F1300021EE031A20EE020A30EE410A8DED100A8C
:10F140009DED120A40F2102CC2F2000C9CED001A48
:10F150009FED922A20EE020A30EE010A8CED000AA1
:10F160009DED110A40F21423C2F2000393ED001A40
:10F1700020EE020A30EE010A83ED000A9DED100A2E
:10F1800040F21820C2F2000090ED001A20EE020AB0
:10F1900030EE010A80ED000A9DED1C1A40F23002AB
:10F1A000C2F2000292ED000A9DED122A20EE020A40
:10F1B00030EE011A43F21051C2F2000191ED000A43
:10F1C0009CED002A20EE020A30EE010A8DED1C0AA9
:10F1D0009DED1B1A92ED000A9DED112A20EE020A08
:10F1E00030EE011A91ED000A93ED002A20EE020A9A
:10F1F00030EE010A8DED1B0A9DED1A1A92ED000A00
:10F200009DED102A20EE020A30EE011A91ED000A5F
:10F2100090ED002A20EE020A30EE010A8DED1A0A66
:10F220009DED0F0A9DED0E1A9DED1C3A9DED0D2AE8
:10F230009DED1B4A22EE042A21EE431A31EE421ABA
:10F240009DED0C2A9DED1A3A22EE032A31EE421A68
:10F250009DED162A21EE021A30EE010A8DED0F0AFD
:10F260009DED0E0A9DED0F1A9DED1C3A9DED0D2AA8
:10F270009DED1A4A22EE042A21EE031A31EE021AFB
:10F280009DED0C2A9DED1B3A22EE032A31EE421A27
:10F290009DED162A21EE021A30EE010A8DED0E0ABE
:10F2A0009DED0D0A9DED0F1A9DED1B3A9DED0E2A69
:10F2B0009DED1A4A22EE042A21EE031A31EE422A6B
:10F2C0009DED0C1A9DED1C3A21EE031A31EE021A47
:10F2D0009DED162A21EE021A30EE010A8DED0D0A7F
:10F2E0009DED0C0A9DED0F1A9DED1A3A9DED0E2A2B
:10F2F0009DED1B4A22EE042A21EE031A31EE021A7A
:10F300009DED0D2A9DED1C3A22EE032A31EE421AA4
:10F310009DED162A21EE021A30EE010A8DED0C0A3F
:10F320009DED0F0A9DED0E1A21EE011A20EE000A46
:10F3300030EE011A9DED0D0A20EE000A30EE011AA2
:10F340009DED0C0A20EE000A30EE010AFDF792FE58
:10F3500000988DED010A9DED0F0A9DED011A20EE3A
:10F36000010A80ED8A0A9DED0E0A9DED011A20EE3C
:10F37000010A80ED8B0A9DED0D0A9DED011A20EE2C
:10F38000010A80ED8C0A9DED0C0A9DED011A20EE1C
:10F39000010A80ED8D0A1EB080BD00BF6F12833A56
:10F3A00080B586B005900598049090ED700A90EDB8
:10F3B000731A30EE410A9FED791A80EE010A80ED52
:10F3C0007C0A90ED720A90ED752A30EE420A80EECA
:10F3D000010A80ED7E0A90ED710A90ED742A30EEFC
:10F3E000420A80EE010A80ED7D0A90ED7C0A90EDE4
:10F3F000861A30EE410AFDF705FCB1EE0C1AB4EEA8
:10F40000410AF1EE10FA0DDDFFE7049890F82402AE
:10F41000012807DCFFE7049991F82402013081F804
:10F42000240229E0049890ED7C0AFDF7EBFB049898
:10F430008DED030A90ED930AFDF7E4FBB0EE401A60
:10F440009DED030AB4EE410AF1EE10FA05DAFFE78A
:10F4500004990020C1F8FC0105E00499D1F8F001FD
:10F46000C1F8FC01FFE70499D1F8F001C1F81802D6
:10F47000002081F82402FFE7049890ED7E0A90EDC9
:10F48000881A30EE410AFDF7BDFBB1EE0C1AB4EE5E
:10F49000410AF1EE10FA0DDDFFE7049890F826021C
:10F4A000012807DCFFE7049991F82602013081F872
:10F4B000260229E0049890ED7E0AFDF7A3FB04984C
:10F4C0008DED020A90ED930AFDF79CFBB0EE401A19
:10F4D0009DED020AB4EE410AF1EE10FA05DAFFE7FB
:10F4E00004990020C1F8040205E00499D1F8F8015C
:10F4F000C1F80402FFE70499D1F8F801C1F820022D
:10F50000002081F82602FFE7049890ED7D0A90ED37
:10F51000871A30EE410AFDF775FBB1EE0C1AB4EE16
:10F52000410AF1EE10FA0DDDFFE7049890F825028C
:10F53000012807DCFFE7049991F82502013081F8E2
:10F54000250229E0049890ED7D0AFDF75BFB049805
:10F550008DED010A90ED930AFDF754FBB0EE401AD1
:10F560009DED010AB4EE410AF1EE10FA05DAFFE76B
:10F5700004990020C1F8000205E00499D1F8F401D3
:10F58000C1F80002FFE70499D1F8F401C1F81C02A8
:10F59000002081F82502FFE706B080BD6F12833A94
:10F5A00080B584B003900291ADF806200298BDF8B2
:10F5B00006100022F4F71EFB04B080BD80B584B0B5
:10F5C00003900291ADF806200298BDF806100122C2
:10F5D000F4F710FB04B080BD10B596B015908DF80F
:10F5E00053108DF8522013931598C168828A9DF8A4
:10F5F00053309DF852C00CF1010CEE4603ACCEF82E
:10F6000004405FFA8CFCCEF800C000F051F80020F6
:10F610008DF80B00FFE79DF80B009DF85210884213
:10F620000EDAFFE79DF80B2003A8104440781399E9
:10F630008854FFE79DF80B0001308DF80B00EAE7D6
:10F6400016B010BD83B002908DED010A40F2290082
:10F65000C2F20000007801280DD1FFE740F2290135
:10F66000C2F2000100200870019842F28451C2F2F7
:10F6700000010860FFE742F28451C2F2000191EDFF
:10F68000001A40F24020C2F2000090ED030A9DED06
:10F69000012A32EE412A20EE020A30EE010A8DEDF7
:10F6A000000A009808609DED000A03B07047000052
:10F6B00080B586B0844609980898CDF814C00491A6
:10F6C000ADF80E208DF80D308DF80C0005980190E6
:10F6D0009DF80D1041F080018DF80B100499BDF8D4
:10F6E0000E20FFF75DFF019840680DF10B0101222C
:10F6F00040F2E7330093F5F76FFA009B01984068FA
:10F7000009999DF80C20F5F73FF901980499BDF887
:10F710000E20FFF753FF06B080BD000010B586B085
:10F7200005908DF813108DF8122003930598016948
:10F73000C28A9DF813309DF812C0039CEE46CEF8A5
:10F740000440CEF800C0FFF7B3FF06B010BD0000C4
:10F7500080B588B084460A98CDF81CC00691ADF8F3
:10F7600016208DF815308DF81400079803909DF839
:10F77000151001F07F018DF813100699BDF81620C1
:10F78000FFF70EFF039840680DF11301012201926B
:10F7900040F2E7330293F5F71FFA019A029B0398B0
:10F7A000406805A9F5F718FA03980699BDF81620E0
:10F7B000FFF704FF08B080BD80B584B003908DF8DA
:10F7C0000B108DF80A200398C168828A9DF80B30CF
:10F7D0009DF80AC0EE46CEF800C0FFF7B9FF04B0AE
:10F7E00080BD000080B590B00F900F98059000216B
:10F7F000ADF81A1012210622039207AB0493FFF70B
:10F80000EBFE05989DF81C109DF81D2041EA022191
:10F8100009B200EE101AB8EEC00A80ED080A9DF891
:10F820001E109DF81F2041EA022109B200EE101AB5
:10F83000B8EEC00A80ED090A9DF820109DF821203D
:10F8400041EA022109B200EE101AB8EEC00A80EDBA
:10F850000A0A90ED080AFFF7F5FE059880ED0B0AFD
:10F8600090ED090AFFF7EEFE059880ED0C0A90ED89
:10F870000A0AFFF7E7FE039A049B059880ED0D0A3C
:10F880000221FFF74BFF05989DF81C109DF81D20E5
:10F8900041EA022109B200EE101AB8EEC00A80ED6A
:10F8A000140A9DF81E109DF81F2041EA022109B29A
:10F8B00000EE101AB8EEC00A80ED150A9DF820106F
:10F8C0009DF8212041EA022109B200EE101AB8EE9B
:10F8D000C00A80ED160A90ED140A90ED971A30EEEA
:10F8E000410AFDF78FF9B1EE0C1AB4EE410AF1EEC0
:10F8F00010FA15DDFFE7059890ED9B0AB0EE001AAF
:10F90000B4EE410AF1EE10FA0ADAFFE7059890ED3D
:10F910009B0AB7EE001A30EE010A80ED9B0A27E041
:10F92000059890ED140AFDF76DF905988DED020A22
:10F9300090ED930AFDF766F9B0EE401A9DED020ACC
:10F94000B4EE410AF1EE10FA05DAFFE7059900205E
:10F95000C1F8980004E00599086DC1F89800FFE728
:10F960000599086DC1F85C020020C1F86C02FFE740
:10F97000059890ED150A90ED981A30EE410AFDF7C2
:10F9800041F9B1EE0C1AB4EE410AF1EE10FA15DDB0
:10F99000FFE7059890ED9C0AB0EE001AB4EE410A1C
:10F9A000F1EE10FA0ADAFFE7059890ED9C0AB7EE3F
:10F9B000001A30EE010A80ED9C0A27E0059890EDD0
:10F9C000150AFDF71FF905988DED010A90ED930AD0
:10F9D000FDF718F9B0EE401A9DED010AB4EE410AA8
:10F9E000F1EE10FA05DAFFE705990020C1F89C0056
:10F9F00004E00599486DC1F89C00FFE70599486D42
:10FA0000C1F860020020C1F87002FFE7059890ED90
:10FA1000160A90ED991A30EE410AFDF7F3F8B1EEAF
:10FA20000C1AB4EE410AF1EE10FA15DDFFE7059865
:10FA300090ED9D0AB0EE001AB4EE410AF1EE10FA14
:10FA40000ADAFFE7059890ED9D0AB7EE001A30EE4E
:10FA5000010A80ED9D0A27E0059890ED160AFDF752
:10FA6000D1F805988DED000A90ED930AFDF7CAF8DC
:10FA7000B0EE401A9DED000AB4EE410AF1EE10FA24
:10FA800005DAFFE705990020C1F8A00004E0059918
:10FA9000886DC1F8A000FFE70599886DC1F8640280
:10FAA0000020C1F87402FFE710B080BD80B584B0BB
:10FAB00003908DF80B108DF80A2003980169C28A13
:10FAC0009DF80B309DF80AC0EE46CEF800C0FFF757
:10FAD0003FFE04B080BD000080B586B0059005985B
:10FAE000049000F061FB0498D0ED381A90ED392AAB
:10FAF000D0ED3A2A90ED3B0AD0ED3C0A90ED3D1A4C
:10FB0000FFF734FA0498D0F82812C0F80812D0F899
:10FB10002C12C0F80C12D0F83012C0F81012D0F825
:10FB20003412C0F8141290ED821A90ED830A90ED11
:10FB3000843A90ED852AB8EE004A8DED004A20EE19
:10FB4000040A31EE011A21EE031A20EE020A30EE09
:10FB5000010A01F04DFC9DED001A04989FED3B2A2F
:10FB60008DED022A20EE020A9FED392A8DED032A3F
:10FB700080EE020A80ED700A90ED825A90ED833A91
:10FB800090ED844A90ED850A34EE042A35EE055A4C
:10FB900025EE035A22EE000A30EE050A23EE011A82
:10FBA00022EE042A21EE031A31EE421AB7EE002AA1
:10FBB0008DED012A71EE020A01F02EFC9DED001A76
:10FBC0009DED012A9DED024A9DED033A049820EE39
:10FBD000040A80EE030A80ED710A90ED823A90EDFE
:10FBE000830A90ED844A90ED855A30EE000A33EE98
:10FBF000033A23EE053A20EE040A30EE030A24EE1F
:10FC0000011A35EE053A23EE053A21EE041A31EEDB
:10FC1000431A71EE020A01F0FFFB9DED022A9DEDF1
:10FC2000031A049920EE020A80EE010A81ED720A9D
:10FC3000D1F8C001C1F8D801D1F8C801C1F8E0017C
:10FC4000D1F8C401C1F8DC0106B080BD0000344326
:10FC5000DB0F494082B001900198009090ED751A39
:10FC600090ED780A30EE410A9FED511AB4EE410A48
:10FC7000F1EE10FA05DDFFE70099088B01380883E3
:10FC800014E0009890ED751A90ED780A30EE410A74
:10FC90009FED481AB4EE410AF1EE10FA05DAFFE7DB
:10FCA0000099088B01300883FFE7FFE70098B0F95F
:10FCB00018104FF4B472514300EE101AB8EEC00A97
:10FCC00090ED781A30EE010A80ED7B0A90ED731A00
:10FCD00090ED760A30EE410A9FED351AB4EE410AF6
:10FCE000F1EE10FA05DDFFE70099488B01384883F3
:10FCF00014E0009890ED731A90ED760A30EE410A08
:10FD00009FED2C1AB4EE410AF1EE10FA05DAFFE786
:10FD10000099488B01304883FFE7FFE70098B0F96E
:10FD20001A104FF4B472514300EE101AB8EEC00A24
:10FD300090ED761A30EE010A80ED790A90ED741A92
:10FD400090ED770A30EE410A9FED191AB4EE410AA0
:10FD5000F1EE10FA05DDFFE70099888B0138888302
:10FD600014E0009890ED741A90ED770A30EE410A95
:10FD70009FED101AB4EE410AF1EE10FA05DAFFE732
:10FD80000099888B01308883FFE7FFE70098B0F97E
:10FD90001C104FF4B472514300EE101AB8EEC00AB2
:10FDA00090ED771A30EE010A80ED7A0A02B07047C2
:10FDB00000003443000034C380B58CB00B9040F297
:10FDC0004020C2F20000099001680091416804914E
:10FDD000806804F05DFA41EC100B53EC102B1046D8
:10FDE000194603F001FF0246009801920A46019964
:10FDF00042EC101B8DED020B04F04AFA9DED020B54
:10FE000041EC110B53EC112B51EC100B04F054F896
:10FE10000246049805920A46059942EC101B8DEDA6
:10FE2000060B04F035FA9DED061B41EC100B51EC6E
:10FE3000110B53EC102B04F03FF841EC100B51EC7C
:10FE4000100B03F09FFE014609980A919DED0A0AE6
:10FE5000B7EE001A30EE011A80EE010A80ED030AB7
:10FE60000CB080BD80B592B0109010980690012023
:10FE70008DF81F0000208DF81E00FFE70698D0F8CF
:10FE8000541244F62D30C0F60100F0F7A9FBC8B1BA
:10FE9000FFE743F24830C2F20000059044F6843197
:10FEA000C0F60101F0F7C6FA059982B242F69470E5
:10FEB000C2F200004FF6FF73F7F75EFD0A20F3F77A
:10FEC0009BFCDBE7069890F8500200283FD0FFE744
:10FED00006987E21B622FFF76FFC01200390F3F70E
:10FEE0008BFC0698039A0021029108AB0493FFF75C
:10FEF00073FB06980299039A049BFFF76DFB9DF82C
:10FF000020001E2804D0FFE702208DF8470014E1EE
:10FF100006987C210A220192FFF74EFC0520F3F798
:10FF20006BFC06987D210422FFF746FC0198F3F74D
:10FF300063FC069841210322FFF73EFC0698019AD4
:10FF40004021FFF739FC0220F3F756FCFFE7069843
:10FF50001421B622FFF7AAFD1E20F3F74DFC0698E8
:10FF60000021012208ABFFF7D9FB9DF820000F28E4
:10FF700004D0FFE703208DF84700DEE0069810214B
:10FF80000322FFF793FD069890F838220F21FFF720
:10FF90008DFD06983C210122FFF788FDFFE79DF8C3
:10FFA0001F0028B3FFE706983C21012208ABFFF7AA
:10FFB000B5FB9DF820008007002804D5FFE700204E
:10FFC0008DF81F00FFE79DF81E0001308DF81E0020
:10FFD0009DF81E00282807DBFFE7069800F0D0F800
:10FFE00005208DF84700A8E00A20F3F705FCD6E7C6
:10FFF00001200090F3F700FC0698009A3C2108AB22
:020000040801F1
:10000000FFF78CFB9DF820004007002804D5FFE790
:1000100005208DF8470090E0069890F8390240B925
:10002000FFE7069944F2E710C3F66B20C1F84002DF
:100030002CE0069890F83902012808D1FFE70699CC
:1000400043F23330C3F6EB20C1F840021DE00698BE
:1000500090F83902022808D1FFE7069943F23330BD
:10006000C3F66B30C1F840020EE0069890F83902F2
:10007000032808D1FFE7069943F23330C3F6EB308B
:10008000C1F84002FFE7FFE7FFE7FFE7069890F8B7
:10009000380240B9FFE7069941F26F20C4F283109D
:1000A000C1F83C023BE0069890F83802012808D1DC
:1000B000FFE7069941F26F20C4F20320C1F83C0229
:1000C0002CE0069890F83802022808D1FFE706993C
:1000D00041F26F20C4F28320C1F83C021DE0069873
:1000E00090F83802032808D1FFE7069941F26F2003
:1000F000C4F20330C1F83C020EE0069890F83802D2
:10010000042808D1FFE7069941F26F20C4F283303A
:10011000C1F83C02FFE7FFE7FFE7FFE7FFE70698CC
:1001200000F02EF806988068F5F79EFB0698FFF71A
:1001300043FE00208DF84700FFE79DF8470012B00E
:1001400080BD000080B582B0019001980090D0F889
:10015000C011C0F8CC11D0F8C811C0F8D411D0F833
:10016000C411C0F8D011FFF73DFB0098FFF7B4FCB5
:100170000098FFF76FFD0098FFF712F902B080BDFD
:1001800080B5B4B033903398009003A80190C0219B
:100190000291F0F7FEF900980199029A2030F0F7E9
:1001A000A4F934B080BD000082B0019001980090A5
:1001B000007870B1FFE70099D1F89800C1F8840188
:1001C000D1F89C00C1F88801D1F8A000C1F88C01D9
:1001D0000AE00099086DC1F88401486DC1F88801F2
:1001E000886DC1F88C01FFE70098B0F8540140F623
:1001F000B731884200F3D480FFE70098B0F854018B
:10020000F0B9FFE700990020086548658865C1F8E6
:10021000B401C1F8B801C1F8BC014FF04740C1F8C2
:100220006001C1F86401C1F868014FF60060C4F2D2
:10023000FF60C1F86C01C1F87001C1F87401FFE7FB
:10024000009890ED140A90ED581AB4EE410AF1EEC0
:1002500010FA05DDFFE70099086DC1F86001FFE7BE
:10026000009890ED150A90ED591AB4EE410AF1EE9E
:1002700010FA05DDFFE70099486DC1F86401FFE75A
:10028000009890ED160A90ED5A1AB4EE410AF1EE7C
:1002900010FA05DDFFE70099886DC1F86801FFE7F6
:1002A000009890ED140A90ED5B1AB4EE410AF1EE5D
:1002B00010FA05DAFFE70099086DC1F86C01FFE755
:1002C000009890ED150A90ED5C1AB4EE410AF1EE3B
:1002D00010FA05DAFFE70099486DC1F87001FFE7F1
:1002E000009890ED160A90ED5D1AB4EE410AF1EE19
:1002F00010FA05DAFFE70099886DC1F87401FFE78D
:10030000009890ED141A90ED6D0A30EE010A80ED20
:100310006D0A90ED151A90ED6E0A30EE010A80ED2F
:100320006E0A90ED161A90ED6F0A30EE010A80ED1C
:100330006F0AB0F854110131A0F8541190ED580A29
:1003400090ED5B1A30EE410A9FED471AB4EE410A78
:10035000F1EE10FA1EDCFFE7009890ED590A90EDDF
:100360005C1A30EE410A9FED401AB4EE410AF1EEFC
:1003700010FA0FDCFFE7009890ED5A0A90ED5D1A35
:1003800030EE410A9FED381AB4EE410AF1EE10FA50
:1003900005DDFFE700990020A1F85401FFE727E001
:1003A00000980121017090ED6D0AB0F8541101EE32
:1003B000101AB8EEC11A80EE010A80ED5E0A90EDC7
:1003C0006E0AB0F8541101EE101AB8EEC11A80EEA0
:1003D000010A80ED5F0A90ED6F0AB0F8541101EE4A
:1003E000101AB8EEC11A80EE010A80ED600AFFE72C
:1003F000009890ED080A9FED1D1A80EE010A80ED2D
:10040000380A90ED090A80EE010A80ED390A90ED74
:100410000A0A80EE010A80ED3A0A90ED610A9FED2A
:10042000143A20EE030A9FED132A80EE020A9FED94
:10043000121A80EE010A80ED3B0A90ED620A20EE6E
:10044000030A80EE020A80EE010A80ED3C0A90ED7C
:10045000630A20EE030A80EE020A80EE010A80EDB4
:100460003D0A02B0704700BF00004842000000454E
:10047000DB0F49400000344333338341F0B588B08B
:100480001C4615460E460746149813991299119A60
:10049000109BDDF83CC0DDF838E0DDF834E007976C
:1004A000069605950494ADF80EE0ADF80CC0ADF8D5
:1004B0000A308DED010A8DF803208DF802108DF8B9
:1004C0000100079806994160059981600499C1600F
:1004D0000E990161BDF80E108182BDF80C10C18229
:1004E0004FF07E51C0F828120021C0F82C12C0F83D
:1004F0003012C0F834129DF8032080F838229DF89D
:10050000022080F83922C0F84412C0F84812019A3B
:10051000C0F84C229DF8012080F85022BDF80A2036
:10052000A0F85222139AC0F85422A0F8581280F86A
:100530005A1280F85B1208B0F0BD000080B582B09E
:10054000019001980090FFE70098D0F8501344F60E
:100550005830C0F60100F0F743F808B1FFE7F3E7C1
:10056000009800F005F86420F3F746F902B080BD6A
:1005700080B584B00390039801900020ADF80A0084
:10058000FFE7BDF80A0077280EDCFFE70198BDF809
:100590000A1000EB41011F200881FFE7BDF80A00A7
:1005A0000130ADF80A00ECE77820ADF80A00FFE76B
:1005B000BDF80A00B0F5D27F0EDAFFE70198BDF86A
:1005C0000A1000EB410100200881FFE7BDF80A0096
:1005D0000130ADF80A00EBE7019800F05DF804B0D7
:1005E00080BD000082B001908DF803108DF80220CC
:1005F0008DF801309DF8020000049DF8031040EAD8
:1006000001209DF80110084402B0704780B584B005
:1006100084460698CDF80CC0ADF80A108DF8092074
:100620008DF808308DF8070003980090BDF80A0097
:1006300004282CDCFFE700208DF80600FFE79DF87A
:100640000600172822DCFFE700989DF809109DF8A6
:1006500008209DF80730FFF7C5FF00999DF8062098
:10066000904003021E20002B48BF4B20BDF80A30EB
:1006700003EB430302EBC30201EB42010881FFE7F6
:100680009DF8060001308DF80600D8E7FFE70098D6
:1006900000F002F804B080BD80B582B00190019AEC
:1006A0001068516808324FF4D273F5F7A3FD02B019
:1006B00080BD000084B003900291019200930398E2
:1006C00002990160019941600099C0F8501304B08B
:1006D0007047000080B584B084460698CDF80CC001
:1006E00002910192ADF80230ADF80000039A019931
:1006F000A52008700199BDF80200A1F8010092F848
:100700002602411C82F826120199C8700198052121
:1007100000F06EF80199BDF80000A1F805000198FD
:1007200007300299BDF80220EFF79AFE0198BDF854
:100730000210093100F07CF804B080BD83B0029053
:100740000191FF208DF80300FFE70198411E019100
:1007500098B1FFE79DF8030002994A1C02920978BC
:1007600048408DF802009DF8021044F62800C0F6BB
:100770000100405C8DF80300E7E79DF8030003B03B
:100780007047000084B0029001914FF6FF70ADF801
:100790000000029828B9FFE74FF6FF70ADF80E0091
:1007A00021E0FFE70198411E0191B8B1FFE70298EF
:1007B000411C029100788DF80300BDF800109DF8EF
:1007C00003004840C2B244F62810C0F6010030F8D9
:1007D000120080EA1120ADF80000E3E7BDF8000048
:1007E000ADF80E00FFE7BDF80E0004B07047000042
:1007F00080B584B00390029100208DF80700039823
:1008000020B1FFE70298022801D8FFE70EE0039825
:1008100002990139FFF792FF8DF807009DF8070054
:10082000039A0299114401F8010CFFE704B080BD5E
:1008300080B584B0039002910020ADF806000398C3
:1008400020B1FFE70298022801D8FFE715E00398DE
:1008500002990239FFF796FFADF80600BDF80600D1
:10086000039A0299114401F8020C9DF80700039ABB
:100870000299114401F8010CFFE704B080BD0000AB
:1008800083B0029001910092029801990160009951
:100890004160002180F82612C0F86013C0F864138C
:1008A000C0F86813C0F86C13C0F87013C0F8741364
:1008B000C0F8781380F87E13C0F88013C0F8841352
:1008C000C0F88813C0F88C1380F8901380F80014D7
:1008D00080F80114A0F80214A0F80414A0F806147B
:1008E000A0F8081480F80A1480F80B1480F80C148F
:1008F00080F80D14A0F80E1480F81014A0F812144B
:10090000A0F81414A0F8161480F8181480F819141C
:1009100080F81A14A0F81C14A0F81E14C0F858157A
:10092000C0F85C1503B0704783B001900199009145
:100930004868C0690988884204D0FFE701208DF823
:100940000B0024E00099486890F838000881486856
:1009500090F8390088724A6892F83A0092F83B2081
:1009600040EA022088814A6892F83C0092F83D20D3
:1009700040EA0220C8814A6892F83E0092F83F207F
:1009800040EA0220088200208DF80B00FFE79DF866
:100990000B0003B07047000082B0019001980090F6
:1009A00090F8250038B9FFE70099088A886201208D
:1009B00081F82500FFE70099088A896A401A10F536
:1009C000004F0ADAFFE70099C8694FF6FF7210443A
:1009D000C86188690130886112E00099088A896AD3
:1009E000401AB0F5004F0ADDFFE70099C8694FF6DD
:1009F000FF72801AC861886901388861FFE7FFE7E4
:100A00000099C8690A8A10444861088A886202B05D
:100A10007047000083B00290ADF806100092029873
:100A2000BDF8061001800099416000210162032297
:100A300080F8242080F8251003B0704782B0019020
:100A400001980090007F68B9FFE7009900200861D5
:100A50004862B1F908008861B1F908000862012014
:100A60000877FFE70099B1F90800096A401A4EF6C5
:100A70007741CFF6FF71884209DCFFE70099486AA9
:100A800000F50050486248690130486114E000995F
:100A9000B1F90800096A401A41F2893188420ADB3B
:100AA000FFE70099486A41F6FF72801A4862486978
:100AB00001384861FFE7FFE70099486AB1F908206B
:100AC00010448A69801A0861B1F90800086202B00E
:100AD0007047000083B00190019900914868C06997
:100AE0000988884204D0FFE701208DF80B0020E040
:100AF0000099486890F8382090F8390040EA0220C0
:100B00000881486890F83A2090F83B0040EA0220BB
:100B10004881486890F83C2090F83D0040EA022067
:100B20008881486890F83E00887300208DF80B009B
:100B3000FFE79DF80B0003B07047000083B0029000
:100B4000ADF8061000920298BDF8061001800099D9
:100B500041600021017703B07047000080B586B086
:100B60000490ADF80E10029204980190BDF80E00AA
:100B7000B0F5006F08DBFFE70199C86D0130C8656B
:100B800001208DF817002FE00198BDF80E1041608C
:100B90000021C1600068F1F705FA0146019880F86C
:100BA0004C1090F84C0028B9FFE70199486D0130CE
:100BB0004865FFE7019B1868191D029A5033F0F74A
:100BC0003DFF0146019880F8701090F8700028B140
:100BD000FFE70199886D01308865FFE7019890F87B
:100BE00070008DF81700FFE79DF8170006B080BD74
:100BF00080B586B084460898CDF814C0ADF81210C0
:100C0000ADF81020ADF80E30ADF80C00059800904E
:100C10009DF812108DF804109DF813108DF8051032
:100C20009DF810108DF806109DF811108DF8071022
:100C30009DF80E108DF808109DF80F108DF8091012
:100C40009DF80C108DF80A109DF80D108DF80B1002
:100C50004FF4207101AAFFF781FF0146009880F848
:100C6000721090F8720028B1FFE70099486E0130C9
:100C70004866FFE7009890F8720006B080BD00005B
:100C800080B58EB00D90ADF83210ADF830200D98D3
:100C9000009002A82821EFF77CFC00980021019128
:100CA00080F84C1008224261C1600161BDF8322019
:100CB00007920891012209920291039104910591F2
:100CC000806C18B9FFE70020069002E00120069032
:100CD000FFE7009801210A91BDF830100B910068E0
:100CE00002A9F0F757FF18B1FFE7F0F779FEFFE729
:100CF00000980068F2F7DCF918B1FFE7F0F770FE32
:100D0000FFE70098806C58B9FFE70098006802215F
:100D1000F0F76AFE18B1FFE7F0F762FEFFE70AE0BE
:100D2000009800681021F0F75FFE18B1FFE7F0F7B8
:100D300057FEFFE7FFE70099002081F870000EB032
:100D400080BD000080B584B00290019102990091AD
:100D50000198896C884208D0FFE70099C86D01307E
:100D6000C86501208DF80F001AE0009B1868996C87
:100D700003F11C023833F1F70BF80146009880F8B4
:100D8000711090F8710028B1FFE70099C86E01302A
:100D9000C866FFE7009890F871008DF80F00FFE734
:100DA0009DF80F0004B080BD10B588B08C46864613
:100DB0000B980A99CDF81CE0ADF81AC0ADF81820D0
:100DC000ADF81630ADF81410ADF812000798019088
:100DD0009DF819108DF80A109DF818108DF80B1059
:100DE0009DF817108DF80C109DF816108DF80D1049
:100DF0009DF815108DF80E109DF814108DF80F1039
:100E00009DF813108DF810109DF812108DF8111028
:100E1000BDF81A100DF10A02FFF7A0FE0146019875
:100E200080F8721090F8720028B1FFE70199086EFF
:100E300001300866FFE7019890F8700008B010BD17
:100E400083B002900191009202980199016000998B
:100E50008164002141658165C165016641668166E5
:100E6000C166032180F8701080F8711080F872104C
:100E700003B070478CB00B908DED0A0ACDED090AD6
:100E80000B9808909DED0A0A9DED091A30EE410A73
:100E900080ED000A90ED001A90ED010A20EE010AA3
:100EA00080ED0C0A90ED041A90ED0C0AB1EE411A97
:100EB000B4EE410AF1EE10FA08DAFFE7089890ED77
:100EC000040AB1EE400A8DED070A1BE0089890ED88
:100ED000041A90ED0C0AB4EE410AF1EE10FA06DDA8
:100EE000FFE7089890ED040A8DED060A05E00898E2
:100EF00090ED0C0A8DED060AFFE79DED060A8DEDDB
:100F0000070AFFE708989DED070A80ED0C0A90EDAF
:100F1000002A90ED020A90ED0D1A20EE020A30EE42
:100F2000010A80ED0D0A90ED051A90ED0D0AB1EE63
:100F3000411AB4EE410AF1EE10FA08DAFFE7089818
:100F400090ED050AB1EE400A8DED050A1BE0089808
:100F500090ED051A90ED0D0AB4EE410AF1EE10FA8B
:100F600006DDFFE7089890ED050A8DED040A05E01F
:100F7000089890ED0D0A8DED040AFFE79DED040A37
:100F80008DED050AFFE708989DED050A80ED0D0A35
:100F900090ED001A90ED030A90ED192A31EE421AF5
:100FA00020EE010A80ED0E0A90ED061A90ED0E0A71
:100FB000B1EE411AB4EE410AF1EE10FA08DAFFE799
:100FC000089890ED060AB1EE400A8DED030A1BE089
:100FD000089890ED061A90ED0E0AB4EE410AF1EE73
:100FE00010FA06DDFFE7089890ED060A8DED020A7B
:100FF00005E0089890ED0E0A8DED020AFFE79DEDE1
:10100000020A8DED030AFFE708989DED030A80EDC3
:101010000E0A90ED0C0A90ED0D2A90ED0E1A30EEAE
:10102000020A30EE010A80ED0F0A90ED071A90EDEA
:101030000F0AB1EE411AB4EE410AF1EE10FA08DAE5
:10104000FFE7089890ED070AB1EE400A8DED010A1E
:101050001BE0089890ED071A90ED0F0AB4EE410AD4
:10106000F1EE10FA06DDFFE7089890ED070A8DED26
:10107000000A05E0089890ED0F0A8DED000AFFE7E1
:101080009DED000A8DED010AFFE708999DED010A2B
:1010900081ED0F0A086848660CB0704780B58EB0C5
:1010A0000D908DED0C0ACDED0B0A8DED0A1A0D9801
:1010B00009909DED0C0A9DED0B1A30EE410A80ED72
:1010C000000A90ED001A90ED010A20EE010A80ED71
:1010D0000C0A90ED041A90ED0C0AB1EE411AB4EE30
:1010E000410AF1EE10FA08DAFFE7099890ED040AD8
:1010F000B1EE400A8DED080A1BE0099890ED041A44
:1011000090ED0C0AB4EE410AF1EE10FA06DDFFE7AD
:10111000099890ED040A8DED070A05E0099890ED15
:101120000C0A8DED070AFFE79DED070A8DED080A11
:10113000FFE709989DED080A80ED0C0A90ED000A82
:1011400000F060F9099890ED091AB4EE410AF1EE49
:1011500010FA64DDFFE7099890ED000A00F052F9FB
:10116000099890ED0A1AB4EE410AF1EE10FA43DA4A
:10117000FFE7099890ED002A90ED020A90ED0D1A14
:1011800020EE020A30EE010A80ED0D0A90ED051AFC
:1011900090ED0D0AB1EE411AB4EE410AF1EE10FAEB
:1011A00008DAFFE7099890ED050AB1EE400A8DEDE7
:1011B000060A1BE0099890ED051A90ED0D0AB4EEB1
:1011C000410AF1EE10FA06DDFFE7099890ED050AF5
:1011D0008DED050A05E0099890ED0D0A8DED050AE3
:1011E000FFE79DED050A8DED060AFFE709989DEDE5
:1011F000060A80ED0D0A11E0099890ED000A90EDC5
:101200000D1A20EE010AB5EE400AF1EE10FA04DAEA
:10121000FFE7099900204863FFE7FFE7FFE7099828
:1012200090ED000A90ED031A8DED041A90ED191A55
:1012300030EE410ADDED0A0A00F084F80998B0EEBC
:10124000401A9DED040A20EE010A80ED0E0A90ED91
:10125000061A90ED0E0AB1EE411AB4EE410AF1EE13
:1012600010FA08DAFFE7099890ED060AB1EE400A95
:101270008DED030A1BE0099890ED061A90ED0E0A19
:10128000B4EE410AF1EE10FA06DDFFE7099890EDA1
:10129000060A8DED020A05E0099890ED0E0A8DED23
:1012A000020AFFE79DED020A8DED030AFFE70998A8
:1012B0009DED030A80ED0E0A90ED0C0A90ED0D2ACB
:1012C00090ED0E1A30EE020A30EE010A80ED0F0AA0
:1012D00090ED071A90ED0F0AB1EE411AB4EE410AF3
:1012E000F1EE10FA08DAFFE7099890ED070AB1EE7F
:1012F000400A8DED010A1BE0099890ED071A90ED68
:101300000F0AB4EE410AF1EE10FA06DDFFE7099884
:1013100090ED070A8DED000A05E0099890ED0F0A9F
:101320008DED000AFFE79DED000A8DED010AFFE754
:1013300009999DED010A81ED0F0A086848660EB013
:1013400080BD000084B003908DED020ACDED010A4E
:10135000039991ED111A9DED010A9DED022A32EEDD
:10136000412A20EE020A30EE010A8DED000A0098B3
:1013700048649DED000A04B0704700008AB00990EF
:101380008DED080ACDED070A8DED061ACDED051A93
:101390008DED042ACDED032A8DED023ACDED013A13
:1013A0008DED004A09980899416007998160069976
:1013B000C1600599016104994161039981610299B4
:1013C000C161019941620099816200214164816497
:1013D000C16401654165A0F85810A0F85A10A0F842
:1013E0005C10A0F85E104FF07C5101660AB07047A7
:1013F00080B582B08DED010A9DED010A01F0FCFE81
:1014000002B080BD81B08DED000A9DED000AB0EE06
:10141000C00A01B07047000080B582B08DED010AAE
:10142000CDED000A9DED010ADDED000A01F07AFF25
:1014300002B080BD81B08DED000A009820F000411F
:101440000020B1F1FF4FC8BF012001B0704700007C
:1014500081B08DF803009DF9030000280ED4FFE74A
:101460009DF9031001F01F02012090404A094EF23D
:101470000011CEF2000141F82200FFE701B07047F1
:101480004EF60C50CEF200000068C0F30220704708
:1014900082B08DF8070000919DF9070000280AD45A
:1014A000FFE7009800019DF907104EF20042CEF2CE
:1014B000000288540BE0009800019DF8071001F02D
:1014C0000F014EF61452CEF200028854FFE702B02C
:1014D0007047000083B00290029800F0070000906F
:1014E0004EF60C51CEF200010868019001984FF6BB
:1014F000FF02104001900198009A40EA0220002269
:10150000C0F2FA52104301900198086003B070478E
:1015100080B540F22020C2F20000FDF7BBFC80BD88
:1015200080B540F23020C2F20000FDF7C5FC80BD5E
:1015300080B540F24020C2F20000FDF7CFFC80BD34
:1015400080B540F25020C2F20000FDF7D9FC80BD0A
:1015500080B540F26020C2F20000FDF7E3FC80BDE0
:1015600080B540F27020C2F20000FDF7EDFC80BDB6
:1015700080B540F21010C2F2000042F2B051C2F247
:1015800000010022FFF75CFC80BD000080B540F246
:101590004C40C2F2000040F21012C2F200024FF4BE
:1015A0000171FFF7CBFA80BD80B540F2CC30C2F2BA
:1015B000000040F28412C2F2000240F24111FFF733
:1015C00029FA80BD80B540F2F830C2F2000040F246
:1015D0008412C2F200024FF4A171FFF71BFA80BD22
:1015E00080B540F66040C2F200009FED0A0A9FED10
:1015F0000A3A9FED0A4AF0EE440AB0EE441AF0EEC1
:10160000431AB0EE442AF0EE442AF0EE443AFFF7D3
:10161000B5FE80BD9A99193F0060EA4600000000BF
:1016200080B540F64050C2F20000B6EE000A9FEDD1
:10163000093A9FED094AF0EE440AB0EE441AF0EE82
:10164000431AB0EE442AF0EE442AF0EE443AFFF793
:1016500095FE80BD00007A460000000080B540F68F
:10166000D040C2F200009FED0A0A9FED0A3A9FEDBA
:101670000A4AF0EE440AB0EE441AF0EE431AB0EE15
:10168000442AF0EE442AF0EE443AFFF777FE80BD9C
:101690009A99193F0060EA460000000080B540F6C4
:1016A000B050C2F20000B2EE0E0A9FED093A9FED73
:1016B000094AF0EE440AB0EE441AF0EE431AB0EED6
:1016C000442AF0EE442AF0EE443AFFF757FE80BD7C
:1016D00000007A460000000080B540F24060C2F28F
:1016E00000009FED0A0A9FED0A3A9FED0A4AF0EECC
:1016F000440AB0EE441AF0EE431AB0EE442AF0EE7B
:10170000442AF0EE443AFFF739FE80BD9A99193F1A
:101710000060EA460000000080B540F2B060C2F20E
:101720000000B3EE040A9FED093A9FED094AF0EE7E
:10173000440AB0EE441AF0EE431AB0EE442AF0EE3A
:10174000442AF0EE443AFFF719FE80BD00007A46C5
:101750000000000080B540F6F030C2F20000B3EEA9
:10176000040A9FED093A9FED094AF0EE440AB0EEF3
:10177000441AF0EE431AB0EE442AF0EE442AF0EE9A
:10178000443AFFF7FBFD80BD00007A4600000000F0
:1017900080B540F28410C2F2000042F2D851C2F289
:1017A00000010122FFF74CFB80BD000080B540F630
:1017B0001030C2F20000B3EE040A9FED093A9FED2B
:1017C000094AF0EE440AB0EE441AF0EE431AB0EEC5
:1017D000442AF0EE442AF0EE443AFFF7CFFD80BDF4
:1017E00000007A460000000080B540F63020C2F2CA
:1017F0000000B3EE040ADFED091A9FED093A9FEDF0
:10180000094AF0EE440AB0EE441AB0EE442AF0EE73
:10181000442AF0EE443AFFF7B1FD80BD00007A465D
:10182000007094460000000080B540F6A020C2F28F
:101830000000B3EE040ADFED091A9FED093A9FEDAF
:10184000094AF0EE440AB0EE441AB0EE442AF0EE33
:10185000442AF0EE443AFFF791FD80BD00007A463D
:10186000007094460000000080B540F68030C2F25F
:101870000000B3EE040ADFED091A9FED093A9FED6F
:10188000094AF0EE440AB0EE441AB0EE442AF0EEF3
:10189000442AF0EE443AFFF771FD80BD00007A461D
:1018A000007094460000000080B540F6C010C2F2FF
:1018B0000000B3EE040ADFED091A9FED093A9FED2F
:1018C000094AF0EE440AB0EE441AB0EE442AF0EEB3
:1018D000442AF0EE443AFFF751FD80BD00007A46FD
:1018E000007094460000000080B540F60000C2F28F
:1018F0000000B0EE000A9FED091AF7EE002A9FEDF6
:10190000083ADFED083A9FED084AF0EE410AF0EEA2
:10191000431AB0EE622AFFF731FD80BD00000000DF
:101920000000704300007A430000484280B540F652
:10193000E000C2F20000B1EE080A9FED093A9FED07
:10194000094AF0EE440AB0EE441AF0EE431AB0EE43
:10195000442AF0EE442AF0EE443AFFF70FFD80BD32
:10196000000016440000000080B540F67000C2F28E
:101970000000B2EE0A0ADFED090A9FED091A9FED99
:10198000092AF7EE002A9FED083ADFED083A9FEDAD
:10199000084AF0EE431AFFF7F1FC80BD8FC2F53C18
:1019A000000000000000C842000070438FC2F53DF7
:1019B0000000484280B540F65010C2F20000B2EE7E
:1019C000000A9FED093A9FED094AF0EE440AB0EE95
:1019D000441AF0EE431AB0EE442AF0EE442AF0EE38
:1019E000443AFFF7CBFC80BD000016440000000025
:1019F00080B540F29070C2F20000B2EE0A0A9FED8C
:101A0000091A9FED092AF7EE002A9FED083ADFED4B
:101A1000083A9FED084AF0EE410AF0EE431AFFF74C
:101A2000ADFC80BD000000000000FA4300007043E0
:101A3000CDCCCC3D0000484280B540F2E800C2F277
:101A4000000040F28412C2F2000240F20121FFF7CE
:101A500075F880BD80B540F22070C2F20000B1EE92
:101A6000080A9FED093A9FED094AF0EE440AB0EEEC
:101A7000441AF0EE431AB0EE442AF0EE442AF0EE97
:101A8000443AFFF77BFC80BD0000164400000000D4
:101A900080B540F60070C2F20000B2EE080A9FED79
:101AA000092A9FED093ADFED093A9FED094AF0EE68
:101AB000440AB0EE441AF0EE431AF0EE442AFFF75F
:101AC0005DFC80BD0000C8420000FA4300004842AF
:101AD0000000000080B540F6E070C2F20000B1EEF8
:101AE000000ADFED091A9FED093A9FED094AF0EE71
:101AF000440AB0EE441AB0EE442AF0EE442AF0EE66
:101B0000443AFFF73BFC80BD0000C8430000FA43A5
:101B10000000000080B540F67070C2F20000B2EE26
:101B20000B0ADFED090A9FED092ADFED092A9FED77
:101B3000093ADFED093A9FED094AB0EE621AF0EE7C
:101B4000431AFFF71BFC80BDCDCC4C3D0000C842C2
:101B5000000000000000FA438FC2F53D000048423B
:101B600080B541F25000C2F20000B1EE0C0ADFED88
:101B7000091A9FED093A9FED094AF0EE440AB0EECA
:101B8000441AB0EE442AF0EE442AF0EE443AFFF74D
:101B9000F5FB80BD0000C8430000FA4300000000D0
:101BA00080B540F69060C2F20000B2EE0C0A9FEDE4
:101BB000092ADFED092A9FED093ADFED093A9FED89
:101BC000094AF0EE620AB0EE621AF0EE431AFFF72D
:101BD000D5FB80BD0000C842000000000000FA43B1
:101BE000CDCCCC3D0000484280B540F62060C2F22A
:101BF0000000B1EE000ADFED091A9FED093A9FEDF2
:101C0000094AF0EE440AB0EE441AB0EE442AF0EE6F
:101C1000442AF0EE443AFFF7B1FB80BD0000C84310
:101C20000000FA430000000080B542F2B020C2F28A
:101C30000000B3EE0E0ADFED030A9FED031AFCF776
:101C400055FB80BD6F12833ADA0F494080B542F2EE
:101C5000CC20C2F20000B3EE0E0ADFED030A9FEDC6
:101C6000031AFCF743FB80BD6F12833ADA0F494039
:101C700080B588B069460120C86144F62D30C0F6B1
:101C8000010088610020486108614FF44870C86015
:101C9000102088600022C4F202024A60086041F20B
:101CA000C800C2F2000042F66C41C2F2000142F6E6
:101CB0005452C2F2000240F60003C4F202039FED48
:101CC000030AFEF7DBFB08B080BD00BF0000000088
:101CD00080B540F28C30C2F2000040F28412C2F2B1
:101CE000000240F20221FEF729FF80BD80B542F2DA
:101CF000F420C2F2000043F26C01C2F2000143F290
:101D0000B402C2F20002FCF7F7FF80BD80B541F2D9
:101D1000D060C2F2000043F2B401C2F2000142F608
:101D20004002C2F20002FEF7ABFD80BD80B541F279
:101D30004830C2F2000042F69C51C2F2000144F663
:101D40005833C0F601030822FEF7B4FC80BD000042
:101D500080B541F68A50C2F200000021FCF712FB68
:101D600080BD000080B541F68950C2F2000000211C
:101D7000FCF708FB80BD000080B541F63040C2F2A0
:101D80000000FCF7C7FA80BD80B540F2EC40C2F21B
:101D9000000040F21012C2F2000240F20221FEF7EF
:101DA000CDFE80BD80B540F27440C2F2000040F22A
:101DB0001012C2F2000240F20321FEF7BFFE80BD06
:101DC00080B540F22440C2F2000040F21012C2F28C
:101DD000000240F20121FEF7B1FE80BD80B540F265
:101DE0009C40C2F2000040F21012C2F2000240F227
:101DF0000621FEF7A3FE80BD80B540F2C440C2F2CA
:101E0000000040F21012C2F2000240F20521FEF77B
:101E100095FE80BDEFF788FB80B586B0049000206A
:101E2000ADF80E00049800F108010DF10E000190CC
:101E3000042200F04BF80198049A02F10E01526856
:101E400000F044F8BDF80E00029004980C30F7F74B
:101E500045FD01460298884204D0FFE74FF0FF306D
:101E6000059004E0049800F035FA0590FFE7059826
:101E700006B080BD83B0029001914FF6FF70ADF8BF
:101E80000200FFE70198411E0191D8B1FFE70298D7
:101E9000411C029100788DF80100BDF802009DF808
:101EA000011048408DF800009DF803009DF80020C7
:101EB00044F22861C0F6010131F812104840ADF833
:101EC0000200DFE7BDF8020003B0704788B007905A
:101ED0000691059207980088049000200390FFE780
:101EE0000398059988422BD2FFE706980399405C36
:101EF00001900199049880EA01200490002002904A
:101F0000FFE70298072816D8FFE7049840000090E2
:101F10009DF811000006002806D5FFE7009841F261
:101F2000210148400090FFE700980490FFE70298E5
:101F300001300290E5E7FFE7039801300390CFE717
:101F400004980799088008B07047000080B584B0F5
:101F500002908DF807100298006888B9FFE7029890
:101F600008309DF8071000F019FD18B9FFE70020B0
:101F700003903BE00299022008600020039035E0C6
:101F80009DF80700029B1A68991801321A600872BE
:101F900002980068062812D1FFE702980A30F7F786
:101FA0009DFC02994860B0F5FD7F07DDFFE70299CF
:101FB000002008604FF0FF30039017E0FFE7029821
:101FC0000068062807DBFFE70299086849680631C0
:101FD000884203DAFFE70020039007E0029900201F
:101FE00008600298FFF718FF0390FFE7039804B01A
:101FF00080BD000080B58AB0002005900990F1F7FF
:1020000025FEF9F779FCF6F759F9F6F7F1F8F6F746
:1020100047FCF6F74DFDF6F76BFDF6F799F8F6F786
:10202000BFF8F6F759FAF6F7AFFCF6F721FDF6F729
:1020300023FAF6F707FCF6F7D7FCF6F75FFCF6F79E
:10204000F3FCF6F7D7F9F6F74FFBF6F7E1FAF6F7F8
:10205000F9F9F6F7B5FB42F2CC20C2F20000FCF72A
:10206000F1F842F2B020C2F20000FCF7EBF80F20CA
:10207000F1F7C2FB41F2C800C2F20000FDF7F2FE28
:10208000059A40F20C01C2F20001087040F21010F3
:10209000C2F200001146FEF7F3FD40F28410C2F2D6
:1020A0000000012207921146FEF7EAFD42F2F420F9
:1020B000C2F200000490FCF785FD0498FCF75EFD79
:1020C000059843F27951C2F20001087043F21451AD
:1020D000C2F20001087041F24830C2F20000FEF77F
:1020E0002DFAF9F737F842F6C440C2F20000069024
:1020F000F3F7BAFB0598F1F77FFB42F64C70C2F29A
:102100000000F3F7B1FB0598F1F776FB42F6BC60EF
:10211000C2F20000F3F7A8FB0598F1F76DFB42F659
:102120000470C2F20000F3F79FFB0598F1F764FB1F
:1021300042F67460C2F20000F3F796FB0598F1F7DF
:102140005BFB42F62C60C2F20000F3F78DFB0598B2
:10215000F1F752FB42F65450C2F20000F3F784FB51
:1021600042F69C50C2F20000F3F77EFB069808216D
:10217000F3F75AFF06980421F3F756FFF6F73AFDF6
:10218000079A40F20040C4F202004FF48071F1F768
:1021900031FD40F2DC50F1F72FFB40F2BC31C2F2CE
:1021A000000105200870F5F7B1FFFFE743F2045086
:1021B000C2F20000027843F24830C2F200000390FD
:1021C00044F62831C0F60101EEF734F9039982B2E2
:1021D00042F69470C2F200004FF6FF73F5F7CCFBA5
:1021E0000A20F1F709FBFAF711FCFBF721FC8DF847
:1021F00023009DF82300FAF76BFFFAF781F9F9F74E
:1022000021FAF9F797FEF8F76FF9FBF7B7FEF9F740
:102210000BF9FAF701FD42F29850C2F20000007883
:1022200048B1FFE742F24040C2F20000008840F0AF
:102230000100029008E042F24040C2F20000008833
:1022400020F001000290FFE7029842F24041C2F202
:102250000001088042F2E820C2F20000007848B194
:10226000FFE742F24040C2F20000008840F0020066
:10227000019008E042F24040C2F20000008820F0E5
:1022800002000190FFE7019842F24041C2F20001D2
:10229000088041F2A460C2F20000007848B1FFE774
:1022A00042F24040C2F20000008840F0100000906E
:1022B00008E042F24040C2F20000008820F0100026
:1022C0000090FFE7009842F24041C2F2000108800E
:1022D0006CE7000080B594B0139000201290139921
:1022E0000E311191139981F80802139981F8540263
:1022F000139981F8BC02FFE7129813994968884244
:1023000080F24883FFE711981299405C01460191E1
:10231000812816D0FFE7019883281FD0FFE7019896
:10232000912840F03283FFE7139800F5027011996D
:10233000129A11444C22EEF793F812984C301290F6
:1023400027E3139800F515701199129A1144682229
:10235000EEF786F81298683012901AE313998320EA
:1023600081F8BC021198129908440130F7F7B6FAC7
:102370001399A1F8BD02119912980844C0781399D5
:1023800081F8BF021198129908440430F7F7B0FAA7
:102390001399C1F8C0021298083010901398D0F821
:1023A000C0020F909DF83C00C007F0B1FFE7119804
:1023B00010990844F6F76CFC139880EDB10A119857
:1023C000109908440430F6F763FC139880EDB20AC4
:1023D0001198109908440830F6F75AFC139880EDCC
:1023E000B30A10980C301090FFE79DF83C0080076E
:1023F00000281ED5FFE7119810990844F6F748FC0D
:10240000139880EDB40A1198109908440430F6F737
:102410003FFC139880EDB50A1198109908440830D4
:10242000F6F736FC139880EDB60A10980C30109031
:10243000FFE79DF83C00400700281ED5FFE71198F4
:1024400010990844F6F724FC139880EDB70A119808
:10245000109908440430F6F71BFC139880EDB80A75
:102460001198109908440830F6F712FC139880ED83
:10247000B90A10980C301090FFE79DF83C00000757
:1024800000281ED5FFE7119810990844F6F700FCC4
:10249000139880EDBA0A1198109908440430F6F7A1
:1024A000F7FB139880EDBB0A119810990844083087
:1024B000F6F7EEFB139880EDBC0A10980C301090E4
:1024C000FFE79DF83C00C006002827D5FFE71198DC
:1024D00010990844F6F7DCFB139880EDBD0A1198BB
:1024E000109908440430F6F7D3FB139880EDBE0A28
:1024F0001198109908440830F6F7CAFB139880ED3C
:10250000BF0A1198109908440C30F6F7C1FB1398D4
:1025100080EDC00A109810301090FFE79DF83C0045
:10252000800600280CD5FFE7119810990844F7F7AA
:10253000DFF91399C1F80403109804301090FFE7F5
:102540009DF83C004006002836D5FFE71198109909
:10255000405C139981F80803119910980844407859
:10256000139981F8090311991098084480781399F8
:1025700081F80A03119910980844C078139981F8DA
:102580000B031199109808440079139981F80C03F2
:102590001198109908440530F7F7A0F91399A1F89C
:1025A0000D03119910980844C079139981F80F030D
:1025B000109808301090FFE79DF83C0000060028B6
:1025C0000CD5FFE7119810990844F6F761FB1398B2
:1025D00080EDC40A109804301090FFE79DF83D008C
:1025E000C00760B1FFE7119810990844F6F750FB57
:1025F000139880EDC50A109804301090FFE79DF8FD
:102600003D00800700281ED5FFE711981099084467
:10261000F6F73EFB139880EDC60A1198109908440E
:102620000430F6F735FB139880EDC70A119810991E
:1026300008440830F6F72CFB139880EDC80A109870
:102640000C301090FFE79DF83D00400700281ED594
:10265000FFE7119810990844F6F71AFB139880EDDC
:10266000C90A1198109908440430F6F711FB139821
:1026700080EDCA0A1198109908440830F6F708FB53
:10268000139880EDCB0A10980C301090FFE79DF85E
:102690003D00000700281ED5FFE711981099084457
:1026A000F6F7F6FA139880EDCC0A119810990844C1
:1026B0000430F6F7EDFA139880EDCD0A11981099D1
:1026C00008440830F6F7E4FA139880EDCE0A109823
:1026D0000C301090FFE79DF83D00C00600281ED585
:1026E000FFE7119810990844F6F7D2FA139880ED95
:1026F000CF0A1198109908440430F6F7C9FA1398D4
:1027000080EDD00A1198109908440830F6F7C0FA05
:10271000139880EDD10A10980C301090FFE79DF8C7
:102720003D00800600281ED5FFE711981099084447
:10273000F6F7AEFA139880EDD20A11981099084472
:102740000430F6F7A5FA139880EDD30A1198109982
:1027500008440830F6F79CFA139880EDD40A1098D4
:102760000C301090FFE79DF83D004006002830D562
:10277000FFE7119810990844EFF720F813998DEDB1
:10278000080B0898099AC1F85823C1F85403119806
:10279000109908440830EFF711F813998DED0A0BE2
:1027A0000A980B9AC1F86023C1F85C03119810993C
:1027B00008441030EFF702F813998DED0C0B0C98CC
:1027C0000D9AC1F86823C1F864031098183010906E
:1027D000FFE79DF83D00000600281FD5FFE7119890
:1027E0001099405C139981F86C0311991098084472
:1027F0004078139981F86D031199109808448078F6
:10280000139981F86E03119910980844C0781399B0
:1028100081F86F03109804301090FFE79DF83E0098
:10282000C00760B1FFE7119810990844F6F730FA35
:10283000139880EDDC0A109804301090FFE79DF8A3
:102840003E00800700280CD5FFE711981099084436
:10285000F6F71EFA139880EDDD0A109804301090F8
:10286000FFE79DF83E00400700280CD5FFE71198D0
:1028700010990844F6F70CFA139880EDDE0A1098C8
:1028800004301090FFE79DF83E00000700281FD598
:10289000FFE711981099405C139981F87C03119916
:1028A000109808444078139981F87D031199109885
:1028B00008448078139981F87E0311991098084490
:1028C000C078139981F87F03109804301090FFE7C7
:1028D0009DF83F004006002830D5FFE71198109979
:1028E0000844EEF76BFF13998DED020B0298039AE3
:1028F000C1F88423C1F88003119810990844083066
:10290000EEF75CFF13998DED040B0498059AC1F85E
:102910008C23C1F888031198109908441030EEF701
:102920004DFF13998DED060B0698079AC1F8942375
:10293000C1F89003109818301090FFE79DF83F0001
:10294000000600281ED5FFE7119810990844F6F7F5
:102950009FF9139880EDE60A119810990844043005
:10296000F6F796F9139880EDE70A11981099084444
:102970000830F6F78DF9139880EDE80A10980C30BE
:102980001090FFE71098129003E012980130129017
:10299000FFE7B1E4012014B080BD000083B00290D5
:1029A0008DF807100299487808709DF80700029981
:1029B00048700298017800205A29009008D1FFE75A
:1029C00002984078A538B0FA80F040090090FFE7FF
:1029D000009800F0010003B07047017809B10020B1
:1029E00070474178012903D08A0705D4022242703A
:1029F000481E18BF0120704780B544F6F630C0F677
:102A00000100FFF707FA01210170417070475FEA8A
:102A1000400C08BF91F0000F4FEA8C234FEAC1220F
:102A200043EA51514FEA1C5018BF00F5F0404FEAFD
:102A3000300018BF41F000415FEA6C5C00F0298073
:102A4000BCF1FF3F08BF40F080407047130C06BF49
:102A500012044FF0100C4FF0000C130E04BF1202C2
:102A60000CF1080C130F04BF12010CF1040C930FAE
:102A700004BF92000CF1020CD30F04BF52000CF102
:102A8000010C11464FF00002A0F11F00A0EB0C005A
:102A9000704711F0004F08BF704731F000413FF41C
:102AA000D5AF0B0C06BF09044FF0100C4FF0000C13
:102AB0000B0E04BF09020CF1080C0B0F04BF090137
:102AC0000CF1040C8B0F04BF89000CF1020CCB0F2E
:102AD00004BF49000CF1010CCCF1200322FA03F3EE
:102AE00041EA030102FA0CF2A0EB0C0000F1010034
:102AF0007047000023F07F4720F07F4C80EA0300FE
:102B000000F00040ACEB070303F57C5303F1FF0337
:102B10002DE9804909B44FEA144324EA03484FEAF7
:102B2000154B25EA0B4E0FF2042606EB13273E78D1
:102B300003FB0667C7F5000707FB06F64FEAD64614
:102B400006F102064FEA543707FB066CCCF1005C35
:102B50004FEA1C472CEA074C0CFB06F507FB06F472
:102B600004EB15464FEA961649085FEA320234BF75
:102B700000204FF000404FEAD13706FB07FC4FEA38
:102B80001C4C0CFB0BF7D21B03FB0CF761EB070192
:102B90000CFB0EF7B0EB074072EB17420CFB08F78B
:102BA00034BFA2EB0742B2EB074261EB17414FEA99
:102BB0000C444FEA910706FB07FC4FEA1C4C0CFB48
:102BC0000BF7B0EBC74072EB573203FB0CF734BF87
:102BD000A2EBC742B2EBC74261EB57310CFB0EF7D9
:102BE000B0EBC70072EB57720CFB08F734BFA2EBD7
:102BF000C702B2EBC70261EB57714FEA816141EA4C
:102C000092114FEA826242EA90124FEA806004EB2E
:102C1000CC04039F4FEAD13706FB07FC4FEA1C4C5C
:102C20000CFB0BF7D21B03FB0CF761EB07010CFB52
:102C30000EF7B0EB074072EB17420CFB08F734BFFE
:102C4000A2EB0742B2EB074261EB17414FEA8C550A
:102C500004EB9C244FEA910706FB07FC4FEA1C4C4F
:102C60000CFB0BF7B0EBC74072EB573203FB0CF7D2
:102C700034BFA2EBC742B2EBC74261EB57310CFB4A
:102C80000EF7B0EBC70072EB57720CFB08F734BFBE
:102C9000A2EBC702B2EBC70261EB57714FEA816149
:102CA00041EA92114FEA826242EA90124FEA806052
:102CB00015EB4C2544F100044FEAD13706FB07FC25
:102CC0004FEA1C4C0CFB0BF7D21B03FB0CF761EB20
:102CD00007010CFB0EF7B0EB074072EB17420CFB41
:102CE00008F734BFA2EB0742B2EB074261EB174192
:102CF0004FEA813141EA92414FEA823242EA904200
:102D00004FEA80304FEA0C7615EB1C1544F10004B5
:102D100048EA03434EEA0B484FF0000EB2EB080CB2
:102D200071EB030724BF624639464EEB0E0E4FF09F
:102D3000000B0018524149414BEB0B0BB2EB080C56
:102D400071EB03077BF1000B24BF624639464EEB63
:102D50000E0E4FF0000B0018524149414BEB0B0B8C
:102D6000B2EB080C71EB03077BF1000B24BF62464A
:102D700039464EEB0E0E51EA020718BF46F0010627
:102D800016EB0E7655F1000254F1000103D5BDE8B3
:102D90008901BDE80088BDE88901BDE80048B61991
:102DA000524141EB0101A3F10103704780807F7E16
:102DB0007D7C7B7A797877767675747372717170B1
:102DC0006F6E6E6D6C6C6B6A6A6968686766666563
:102DD0006464636362616160605F5F5E5E5D5D5CF1
:102DE0005C5B5B5A5A595958585757565655555562
:102DF0005454535352525251515050504F4F4F4EC2
:102E00004E4D4D4D4C4C4C4B4B4B4A4A4A4949490F
:102E10004848484747474746464645454544444451
:102E20004443434343424242424141419C46002B7A
:102E300030D477002BD04FEA37071CB503B44FF0DE
:102E400010004FF01001BAF1000F06D0BCF1000FD6
:102E5000DCBF40F0080040F008014FF000000FBC5C
:102E6000BDE810400BF1010BBBF1010F08BF5FEA99
:102E7000170722BF12F1010211F101014FF00041C9
:102E800043F1000300F0004043EA00007047F9D32B
:102E90005708D0E746EA06464FEA164613F1400FB8
:102EA0001FDD13F1200FDFBF16430A460021203338
:102EB0005B42BED0C3F1200746EA06464FEA1646FB
:102EC00002FA07F746EA070622FA03F2C3F12007DF
:102ED00001FA07F742EA070221FA03F14FF0000373
:102EE000A7E746EA020646EA06464FEA164646EADB
:102EF0000106BCBF46EA0646360C4FF000034FF011
:102F000000024FF0000194E72DE9804C70B49A461E
:102F1000934691E8380007C831EA400C48BF34EACC
:102F2000430C03D5FFF7E6FDFFF780FFF0BCBDE8DB
:102F3000008C2DE9804C70B49A46934691E8380095
:102F400007C810F0804F08BF13F0804F03D100F086
:102F500005F8FFF76BFFF0BCBDE8008C20F07F4761
:102F600023F07F4C80EA030000F0004007EB0C03E5
:102F7000A3F57C53A3F1FE0392F0000F00F0B380A1
:102F800095F0000F00F077802DE901494FEA1140DC
:102F900021EA00484FEA144624EA064700FB06FCF3
:102FA00008FB06F607FB08F818EB06484CEB164C36
:102FB00000FB07F718EB07484CEB17404FEA124BA2
:102FC00022EA0B4E4FEA154625EA06470BFB06FCA4
:102FD0000EFB06F607FB0EFE1EEB064E4CEB164CE8
:102FE0000BFB07F71EEB074E4CEB174B18EB0B08D0
:102FF00040F1000018EB0E0B58EB000840F1000008
:103000008F1A4FF000014FF000063CBFC943661B0A
:1030100014BFB5EB040C00213CBFC943F61B4FEABB
:10302000174427EA04454FEA1C472CEA074C04FBE7
:10303000076205FB07F70CFB05F616EB074642EBAC
:10304000174204FB0CFC16EB0C4642EB1C421BEB3C
:10305000060658EB020241414EEA8E0E46EA9E06F3
:1030600001D5BDE80189B619524141EB0101A3F137
:103070000103BDE801894FEA144524EA05464FEAF9
:10308000114721EA074C05FB07F406FB07F70CFB89
:1030900006F111EB074144EB174405FB0CFC11EB67
:1030A0000C4144EB1C444FEA124722EA074C05FB53
:1030B00007F206FB07F70CFB06F616EB074642EB9A
:1030C000174205FB0CFC16EB0C4642EB1C456A183C
:1030D00054F1000148BF7047B619524141EB01015C
:1030E000A3F10103704795F0000F37D04FEA11426A
:1030F00021EA02464FEA144724EA074C02FB07F193
:1031000006FB07F70CFB06F414EB074441EB1741F1
:1031100002FB0CFC14EB0C4441EB1C414FEA15473D
:1031200025EA074C02FB07F506FB07F70CFB06F642
:1031300016EB074645EB174502FB0CFC16EB0C465D
:1031400045EB1C42121951F1000148BF7047B619F6
:10315000524141EB0101A3F1010370474FEA1445CD
:1031600024EA05464FEA114721EA074C05FB07F11F
:1031700006FB07F70CFB06F212EB074241EB174187
:1031800005FB0CFC12EB0C4251EB1C414FF000060E
:1031900048BF7047921841EB0101A3F1010370474A
:1031A00003B401984100009850EAC12018BF0420E0
:1031B0004A0D18BF40F0010040F2FF72B2EB515FC0
:1031C00008BF40F00200012808BF052002B0704788
:1031D0004100080218BF04200A0E18BF40F0010089
:1031E0004FF07F4232EA010108BF40F0020001289F
:1031F00008BF05207047000010B54FF00E402DEDC0
:10320000028BB0EE408A18EE104A00EB4400B0F199
:10321000506F4AD84FF0FC40B0EB440F22D2B0EED2
:10322000C80AF7EE000A30EEC00AF6EE000A60EEB9
:10323000208A18EE900A00F05AFC01EE100A14F0F1
:10324000004F1DBFDFED2D0A9FED2D0AB1EE411A93
:10325000DFED2C0A08BF9FED2C0AF8EE001A21EED4
:10326000218A05E0DFED290A68EE088AB0EE600ADF
:103270009FED271ADFED271A30EE080A48EE811A73
:103280009FED251A08EEA11ADFED241A48EE811AE7
:103290009FED231A08EEA11A68EE281ABDEC028BE6
:1032A00001EE810A30EE200A10BD4FF0E440B0EB91
:1032B000440F0CD918EE100AFFF78AFF042808BF44
:1032C00000F05CFBB0EE480ABDEC028B10BD4FF085
:1032D0007F40B0EB440F07D2B0EE480ABDEC028B42
:1032E000BDE8104000F03CBB0120EDF7E2F9BDEC79
:1032F000028BBDE8104000F039BB00000000C9BFE0
:1033000022AAFDB90000C93F22AAFD390000000031
:1033100024FE1C3DC78AD83C1E67383D1B93993D4F
:10332000AFAA2A3E70B54FF068422DED048BF0EE47
:10333000408A18EE900AB0EE608A18EE101A02EB7E
:103340004003B3F1654F3CBF02EB4102B2F1654F60
:103350007DD200BFC0F3C753C1F3C7529A1A1B2ACC
:1033600009DD10F0004F14BF9FED830A9FED830A23
:10337000BDEC048B70BD12F11A0F36DA11F0004F5C
:1033800009D010F0004F0CBF9FED7D0A9FED7D0A24
:10339000BDEC048B70BD88EE889A19EE100AFFF719
:1033A00017FF042808BF00F0E9FA18EE900AFFF7AB
:1033B0000FFF054618EE100AFFF70AFF044619EE44
:1033C000100AFFF705FF042D18BF052D08D1042CA6
:1033D00018BF052C04D1002804BF0220EDF769F9BD
:1033E000B0EE490ABDEC048B70BD4200B2EB410F58
:1033F0003AD910F0004F19BFDFED630A9FED630A61
:10340000DFED630A9FED630AB0EE481A0A46B1EE9B
:10341000688A80F00041F0EE418A10460A1A520094
:10342000B2F1807F34D2484010F0004FDFED5A1ADD
:103430009FED5A2A1DBFBEEE001A70EEE10A30EE73
:10344000420AB6EE001A08BF70EEA10A00E040E0A2
:1034500008BF30EE020AB0EE682A01EE482A08EEF4
:10346000818AC2EE081A15E011F0004F04BF9FEDEB
:103470004C0AF0EE400AD1D010F0004F19BFDFED3A
:10348000490A9FED490ADFED490A9FED490AC5E760
:10349000C8EE881A21EEA11A9FED462ADFED462AD2
:1034A00041EE022A9FED452A01EE222ADFED442A51
:1034B00041EE022A9FED432ABDEC048B01EE222A45
:1034C00021EE811A01EE020A30EE210A30EE200AC6
:1034D00070BD4FF07F42B2EB400F28BFB2EB410FFF
:1034E00009D2F0EE480AB0EE680ABDEC048BBDE8E4
:1034F000704000F038BA40EA01035B0008BF41F0B9
:10350000FF410BD0B2EB400F08BFB2EB410F08D127
:1035100020F0804008EE900A21F0804108EE101A59
:1035200018E7B2EB400F12BF5FEA410340F0FF40E3
:1035300001F000413FF40EAFB2EB410F12BF5FEA62
:10354000400200F0004041F0FF413FF403AF4A0069
:1035500092EA40033FF5FEAE002AACBF9FED1A0A87
:103560009FED1A0A68EE808A28EE008A18EE900A0B
:1035700018EE101AEEE60000DB0FC9BFDB0FC93FE3
:10358000DB0F4940DB0F49C00000C9BF22AAFDB9CB
:103590000000C93F22AAFD390060ED3EC30ACE37C4
:1035A00000000000000049C022AA7DBA0000494086
:1035B00022AA7D3A2DAD65BD8FB8D53D0FB511BEA0
:1035C00061C84C3EA8AAAABE0000804F0000802F10
:1035D00010EE101A08B5444A6846B2EB410F28D9DC
:1035E0004FF0E640B0EB410F94BF00204FF0FF30AA
:1035F00000900098002861DB60EE000A10F0010FD7
:1036000045D010F0020FDFED391A9FED391A00EEA8
:10361000A11ADFED381A40EE811A21EEA01AF0EE61
:10362000400A40EE010A08BFF1EE600AB0EE600AFF
:1036300008BD314B21F0004293423CD911F0004FBC
:10364000DFED2E0A20EE201ADFED2D0A19BF31EE34
:10365000601A71EE200A31EE201A71EE600ABDEE9A
:10366000E01A11EE100A9FED271A00F0030000EE99
:10367000C10A9FED251A009000EEC10A9FED231AA2
:1036800000EEC10A9FED221A00EEC10AB1E79FEDDC
:10369000211A9FED210A10F0020F00EE810A9FED22
:1036A0001F1A00EE801AB7EE000A00EE810A18BF5A
:1036B000B1EE400A08BD00F069F99AE710EE100A71
:1036C0004000B0F17F4F3CBFB7EE000A08BD07D104
:1036D0004FF00100ECF7EDFFBDE8084000F046B9FF
:1036E000BDE8084000F03CB9B61F927E336D4CB97E
:1036F000DA82083CA0AA2ABE490E494683F9223F35
:103700000000004B0000C93F00A0FD390020A2339B
:103710001A61342CB93AB2BACA9F2A3DDDFFFFBE06
:1037200010B52DED028BF0EE408A18EE900AB0EE47
:10373000608A20F00040C0F1FF40C00F07D118EEB2
:10374000100A20F00040C0F1FF40C00F2BD018EE4F
:10375000101A18EE900A00F043FE00EE100A10EE68
:10376000100A6FEAD05010F0FF0F04BFBDEC028BBF
:1037700010BD18EE900A00F0004110EE100A00F0A3
:103780000040814204BFBDEC028B10BD18EE101A40
:1037900010EE100ABDEC028B61F31E0000EE900AE1
:1037A00030EE600A10BD18EE900A4FF07F41B1EB89
:1037B000400F1CBF18EE100A5FEA4000C7D101207D
:1037C000ECF777FFBDEC028BBDE8104000F0CEB8FF
:1037D00000B510EE101A2DED028B81B0524A6846EA
:1037E000B2EB410F2ED94FF0E640B0EB410F94BF42
:1037F00000204FF0FF3000900098B0EE408A002883
:103800006ADB10F0010F4BD068EE080A9FED471AF3
:103810009FED470A00EE810A9FED461A10F0020F55
:1038200000EE801AB7EE000A00EE810A02BF01B076
:10383000BDEC028B00BD00BF01B0B1EE400ABDEC93
:10384000028B00BD3C4B21F00042934241D911F064
:10385000004FDFED3A0A20EE201ADFED390A19BFDA
:1038600031EE601A71EE200A31EE201A71EE600A14
:10387000BDEEE01A11EE100A9FED321A00F00300BF
:1038800000EEC10A9FED301A009000EEC10A9FEDD4
:103890002F1A00EEC10A9FED2E1A00EEC10AABE707
:1038A00028EE080A9FED2B1ADFED2B0A10F0020F0D
:1038B00040EE010A9FED291A00EE201A61EE000A7F
:1038C000B0EE480A08EE200AB6D101B0BDEC028B7A
:1038D00000BD00F05BF88FE718EE100A4000B0F171
:1038E0007F4F0DD218EE100AFFF772FC042808BFB4
:1038F00000F044F8B0EE480A01B0BDEC028B00BD08
:1039000009D10120ECF7D5FE01B0BDEC028B5DF8CA
:1039100004EB00F02BB801B0B0EE480ABDEC028B0E
:103920005DF804EB00F01CB8B61F927EB93AB2BA4B
:10393000CA9F2A3DDDFFFFBE490E494683F9223F5B
:103940000000004B0000C93F00A0FD390020A23359
:103950001A61342C336D4CB9DA82083CA0AA2ABE15
:1039600030EE000A704730EE200A7047DFED020AA1
:1039700080EEA00A70470000000000009FED020AE0
:1039800020EE000A70470000000000102DE9F00151
:103990004FF07F42B2EB410F9FBF4FF0FF3101600C
:1039A000BDE8F00170474FF0004242EA0123C1F345
:1039B000C752783A551112F01F0C434CCCF1200637
:1039C0007C44C1F3C752A2F178024FEA621204EBC1
:1039D000820254F8254008BFD2E9015612D055683A
:1039E00004FA0CF425FA06F73C43976805FA0CF53F
:1039F00027FA06F8D26807FA0CFCF24045EA0805F7
:103A00004CEA0206A4FB034CA5FB0352A6FB03638E
:103A10001D449D4234BF012600261319334416B1BC
:103A2000934202D903E0934201D2012200E0002236
:103A3000624402F1200C9206DC0C42EA443200EEB1
:103A4000102A5B03DFED210AF8EEC01A00EE103AEF
:103A50004FEA9C1C11F0004FB8EE400AC0F800C0BD
:103A600020EE201A00EE105ADFED190AB8EE400AD7
:103A700020EE200A71EE810A70EE800A10EE902A84
:103A800002F500626FF30B0200EE902A70EEE11A6D
:103A900031EEC11ADFED101A30EE411A9FED0D0A1A
:103AA00020EE800A01EE210A9FED0C1A00EE810A39
:103AB00004BFBDE8F0017047CCF180510160BDE862
:103AC000F001B1EE400A7047680B000000000036BC
:103AD0000000802C22AAFD29DB0FC92F0000C92F6E
:103AE00030380A2801D2012070470020704710B5F5
:103AF00000EE100A2DED028BB1EEC08A18EE100A0E
:103B000020F00040C0F1FF40C00F0AD010EE100AB4
:103B100020F00040C0F1FF40C00F04BF0120ECF7CF
:103B2000C8FD18EE100ABDEC028B10BD10B50029BF
:103B30000AD00878002807D005487844ECF750FDF3
:103B4000002801D0002010BD0248784410BD0000BC
:103B5000721100006A11000010B500290AD008781F
:103B6000002807D005487844ECF73AFD002801D03A
:103B7000002010BD0248784410BD0000561200001D
:103B80004E12000021F0004201F00043A2F1605209
:103B9000B2F5801F28BFD2F17F6C0BD95FEA001C01
:103BA00043EAC20242EB507018BF704728BF20F0B2
:103BB00001007047B2F5801FBCBF184670474FEA3E
:103BC000410C1CF5001F02D2084600F083BC70B502
:103BD00000F01CFA00000089FFF7F6BF4FF000402C
:103BE000A0F580007047000010B591EA030F48BFB0
:103BF00083F0004300F16682841A71EB030C05D256
:103C0000121943EB0C03001B61EB0C014FEA11543A
:103C1000A4EB135CDFF81CE11EEA430F18BF9EEA19
:103C2000445F00F0748021EA045123EA0E0343F458
:103C30008013DCF1200E32D322FA0CFE10EB0E00C2
:103C400023FA0CFE41EB0E01CCF1200E03FA0EFE1E
:103C500010EB0E00CCF1200E51F10001B1F5801FE8
:103C600032D201EB045112FA0EF2BDE8104058BFF7
:103C70007047401C38BF5FEA420218BF70470028F7
:103C800014BF20F0010041F100014FEA410313F598
:103C9000001F38BF7047A1F1C04100F005BA012AEA
:103CA00043EB0302ACF1200CDCF11F0E32BF4FF0EE
:103CB000000E23FA0CF310EB030041EB0451B4EBBC
:103CC000115FD0D0A1EB045101F58011490801EB3F
:103CD00004515FEA30000ED350F1000038BF12FAF1
:103CE0000EFE08D1BDE81040C9E7401C38BF5FEAAE
:103CF0004202CAD1C3E7BDE810404FEA410313F5C1
:103D0000001F38BF7047A1F1C04100F0CDB99EEA55
:103D1000445F08D011EA5E0FBDE8104004BF01F017
:103D2000004100207047BDE8104070B500F06EF90A
:103D300064FBBE3E0000E0FF491058BFC1F14041A6
:103D40005B1058BFC3F140438B42EFF300807047D4
:103D500051EA030C17D41CF5801F58BFBCF5801F17
:103D600000F10680994218BF704708BF9042704723
:103D700007D711F5801F58BF13F5801F19D499423A
:103D80007047894270471CF5801F08D5BCF5801F1D
:103D9000F7D58B4218BF704708BF824270474FF477
:103DA000001C1CEB410F38BF1CEB430F01D28B42B0
:103DB000704770B500F02AF9922449004FF0005185
:103DC0004FF08053FFF7B8BF51EA030C17D41CF52E
:103DD000801F58BFBCF5801F00F10680994218BFB4
:103DE000704708BF9042704707D711F5801F58BF32
:103DF00013F5801F19D499427047894270471CF50A
:103E0000801F08D5BCF5801FF7D58B4218BF7047BF
:103E100008BF824270474FF4001C1CEB410F38BFB3
:103E20001CEB430F01D28B42704770B500F0EEF8E7
:103E3000922449004FF080514FF00053FFF77CBFB0
:103E400051EA030C17D41CF5801F58BFBCF5801F26
:103E500000F10680994218BF704708BF9042704732
:103E600007D711F5801F58BF13F5801F19D4994249
:103E70007047894270471CF5801F08D5BCF5801F2C
:103E8000F7D58B4218BF704708BF824270474FF486
:103E9000001C1CEB410F38BF1CEB430F01D28B42BF
:103EA000704770B500F0B2F8922449004FF000510D
:103EB0004FF08053FFF740BF70B5DFF848C11CEAF0
:103EC000111E1EBF1CEA13159EEA0C0F95EA0C0F7B
:103ED00000F06F8081EA03044EEAD47EAE4421EA0A
:103EE0004C1123EA4C1341F4801143F48013AEF1DA
:103EF0007F7EA1FB024CA0FB0365361955EB0C0538
:103F0000A1FB034C4CF10003A0FB021C16EB0C06BA
:103F1000654153F10003094218BF46F0010613F44E
:103F2000007F0BD14FEA03314FEA053041EA1551CA
:103F300040EA165034036FF003020AE04FEAC3214F
:103F40004FEAC52041EA555140EA5650F4026FF05D
:103F5000020202EB2E4201EB025585EACE710AD035
:103F60005FEA440C18BF24F0004450F1000041F116
:103F7000000120EAD47040F2FE7C624500D270BDA0
:103F8000A84214BF4FF080444FF04044002E08BFB9
:103F90000024BEF1806FA8BFA1F1C041BDE8704010
:103FA00080F2828001F1C04101F000414FF0000039
:103FB00070470CEA13159EEA0C0F18BF95EA0C0F18
:103FC00006D081EA030E4FF000000EF0004170BDF4
:103FD00000F01CF88900013E00F007B800F009B8B5
:103FE0004FEA430C5FEA5C5C08D081EA030100F011
:103FF0005BB84FEA410C5FEA5C5CF6D102494FF0D6
:10400000000070470000FF070000F87F0EF1020E6D
:104010002EF0030E5EF8046B364205D4012A43EB02
:10402000030515F5001F12D8012841EB010C1CF502
:10403000001F0CD80ED14FEAD17C0CEB4C0C0CF1CC
:10404000020C15F5001F08BF4CEBD37C04E04FF0C9
:10405000080C01E04FEAD37C0CEB4C0526FA05F680
:1040600006F00706B6F1040C06D20EEB860CBDE88E
:1040700070404CF0010C6047DFE80CF0090B0202C5
:104080004FF00041A1F500214FF0000070BD19462E
:104090001046012851EB010418BFD4F5001484BF69
:1040A000002001F0004170BD0808A0F500114FEAA2
:1040B0003101704710B591EA030F48BF83F0004308
:1040C0003FF59AAD841A71EB030C07D28CF0004CCB
:1040D000121943EB0C03001B61EB0C014FEA115466
:1040E000A4EB135CDFF8A4E11EEA430F18BF9EEABD
:1040F000445F00F0B48021EA045123EA6E03524287
:10410000C3EB6E0338BF5B1EDCF1200E25D322FA11
:104110000CFE10EB0E0043FA0CFE41EB0E01CCF14D
:10412000200E03FA0EFE10EB0E00CCF1200E51F122
:10413000000129D401EB045112FA0EF2BDE810403F
:1041400058BF7047401C1CBFB2F1004F7047002899
:104150000CBF491C20F00100704712EB020E43EB2C
:10416000030218BF4FF0010E4EEA4202ACF1200CE0
:10417000DCF11E0E56D943FA0CFE10EB0E00CCF10A
:104180001E0E51F1FF31D5D50EF1010E12FA0EFEC1
:10419000404141EB010101EB445C5FEA5C5C10D9FA
:1041A00001EB045110EBDE7038BFBEF1004FBDE8EB
:1041B000104018BF704700280CBF491C20F00100B8
:1041C000704734D24FEAD42C24F4006411F5001166
:1041D0001BD0B1FA81F20B3AA41AA41ED2F120032B
:1041E000914030FA03F31943904001EBCC7101EB9D
:1041F0000451002CBDE81040A8BF704701F1C04138
:1042000001F000414FF000007047B0FA80F310FA5F
:1042100003F102D1BDE810407047E41A173C48058D
:10422000C90AE2E701EB0451BDE8104070474910AC
:104230004FEA300001EB0451BDE8104002E04FF0BE
:10424000000170474A0008BF0042F8D0B2F5001FD5
:1042500028BF704701F000414FF0000070479EEA10
:10426000445F07D011EA5E0FBDE8104004BF002193
:1042700000207047BDE8104070B5FFF7C7FE00BFD3
:1042800040DFF63E104683F0004170470000E0FF3B
:1042900043004FEAD30C4FEA3C0C43401FBF40079A
:1042A0000CF1605113F0FE4F70471CF0006F03D10A
:1042B0000CF00041002070470CF0004343EA5070BE
:1042C00040EACC0010B500F038F800BF00000092C2
:1042D0004FEA0001FFF7E8BE4FF00041A1F50021D1
:1042E0004FF00000704710B5FFF732FD0CBF012002
:1042F000002010BD10B5FFF72BFD14BF01200020DA
:1043000010BD10B5FFF760FD8CBF0120002010BD6F
:1043100010B5FFF759FD2CBF0120002010BD10B5CE
:10432000FFF78EFD94BF0120002010BD10B5FFF7F0
:1043300087FD34BF0120002010BD0EF1020E2EF0CB
:10434000030E5EF8044B244204D44FEA4102B2F15A
:104350007F4F11D84FEA4003B3F17F4F0CD80ED1F5
:104360004FEAD07C0CEB4C0C0CF1020CB2F17F4FFD
:1043700008BF4CEBD17C04E04FF0080C01E04FEAA1
:10438000D17C0CEB4C0324FA03F404F00704B4F1E1
:10439000040C06D20EEB840CBDE810404CF0010C6E
:1043A0006047DFE80CF0070802024FF00040A0F57C
:1043B000800010BD0846420018BFD2F1807288BF4D
:1043C00000F0004010BDF1EE100A4FF6FF71C0F290
:1043D000C03120EA010040F04070E1EE100A704761
:1043E0004FF07F4C3CEA410318BF3CEA400200F02A
:1043F00062804FF47F0C0CEAD11310F0004F18BF0D
:1044000043F005031CEAD01218BF13EA0C0F00F0AA
:1044100057804FF0004C4CEA00204CEA0121A3F5F4
:1044200080339A4210DD23F00203B0F1004F06D32F
:1044300043F00203401ABCBF404283F001034FEA3D
:104440004000A2F58032ECE74FEA224CBCEB234F50
:1044500008DB884206D31CD0A0EB4100C0F100006D
:1044600083F0010340001DD217D40DD0B0FA80FCB8
:104470000CF1010C00FA0CF0A2EB0C42D2F1000C92
:1044800012DB4FEAC37070474FEA437000F0004000
:10449000704713F0020FE5D0DEE74FEA4000B2F5B7
:1044A0008032EBDD002AE9DD4FEAC21242EA5020F9
:1044B00040EAC370704710B5FFF73FFFEDFFFF3EC6
:1044C0001CEAD11F02D000F000407047004870473E
:1044D0000000C07FFF2141EAD050C0057047ECF7D3
:1044E0001FBDECF753BE00000000000000000000FC
:1044F000303132333435363738394142434445461A
:104500004030580030313233343536373839616213
:104510006364656640307800040000080000000015
:104520000000000200010000100000000000000078
:104530006E83F9A22915444ED15727FCC0DD34F50E
:10454000999562DB4190433CAB6351FE303132338D
:1045500034353637383961626364656678700030A7
:104560003132333435363738394142434445465881
:104570005000000002400000000000A00000000009
:1045800005400000000000C8000000000C400000D2
:104590000000409C00000000194000000020BCBE4C
:1045A0000000000034400000BFC91B8E0000000462
:1045B000B5400000504BCFD06607E2CF01000000AD
:1045C0006C4100003E8251AADFEEA73401000000DA
:1045D000D9420000DCB5A0E23A301F97FFFFFFFF91
:1045E000B4450000FD25A0C8E9A3C14FFFFFFFFFB0
:1045F000FF3F00000000008000000000FF3F0000BF
:10460000000000800000000000000000000000002A
:104610000102030406070809000000000102030468
:1046200000061016000610160000891112239B3296
:104630002446AD573665BF74488CC19D5AAFD3BE72
:104640006CCAE5DB7EE9F7F88110080193331A2282
:10465000A5562C47B7753E64C99C408DDBBF52AE52
:10466000EDDA64CBFFF976E802218B301002991362
:104670002667AF763444BD554AADC3BC588ED19F32
:104680006EEBE7FA7CC8F5D983310A209112180342
:10469000A7772E66B5543C45CBBD42ACD99E508F12
:1046A000EFFB66EAFDD874C904428D5316619F7012
:1046B0002004A9153227BB364CCEC5DF5EEDD7FCF2
:1046C0006888E1997AABF3BA85520C4397711E6002
:1046D000A1142805B3373A26CDDE44CFDFFD56ECD2
:1046E000E9986089FBBB72AA06638F7214409D51E2
:1046F0002225AB343006B9174EEFC7FE5CCCD5DDB2
:104700006AA9E3B8788AF19B87730E6295501C41C1
:10471000A3352A24B1163807CFFF46EEDDDC54CD91
:10472000EBB962A8F99A708B088481951AA793B6A1
:104730002CC2A5D33EE1B7F04008C919522BDB3A91
:10474000644EED5F766DFF7C899400859BB712A661
:10475000ADD224C3BFF136E0C1184809D33B5A2A71
:10476000E55E6C4FF77D7E6C0AA583B41886919741
:104770002EE3A7F23CC0B5D14229CB38500AD91B51
:10478000666FEF7E744CFD5D8BB502A49996108721
:10479000AFF326E2BDD034C1C3394A28D11A580B31
:1047A000E77F6E6EF55C7C4D0CC685D71EE597F4F1
:1047B0002880A1913AA3B3B2444ACD5B5669DF7811
:1047C000600CE91D722FFB3E8DD604C79FF516E4E1
:1047D000A9902081BBB332A2C55A4C4BD7795E68F1
:1047E000E11C680DF33F7A2E0EE787F61CC495D5C1
:1047F0002AA1A3B03882B193466BCF7A5448DD59D1
:10480000622DEB3C700EF91F8FF706E69DD414C5A0
:10481000ABB122A0B9923083C77B4E6AD5585C49B0
:10482000E33D6A2CF11E780F005EBCE2613FDD8340
:10483000C29C7E20A3FD1F419DC3217FFCA2401E80
:104840005F01E3BD3E6082DC237D9FC1421CFEA070
:10485000E1BF5D0380DE3C62BEE0025CDF81633D60
:104860007C22C09E1D43A1FF4618FAA427799BC550
:1048700084DA3866E5BB5907DB856739BAE4065840
:104880001947A5FB7826C49A653BD987045AB8E630
:10489000A7F91B45C6987A24F8A6441A99C7257B20
:1048A0003A6486D85B05E7B98CD2306EEDB3510F10
:1048B0004E10F2AC2F7193CD114FADF3702ECC9200
:1048C000D38D6F31B2EC0E50AFF1134DCE90722CF0
:1048D0006D33D18F0C52B0EE326C8ED0530DEFB1E0
:1048E000F0AE4C1291CF2D73CA947628ABF51749D0
:1048F0000856B4EA6937D58B5709EBB536688AD4C0
:1049000095CB2977F4AA4816E9B7550B88D6346AAF
:104910002B7597C94A14F6A8742AC896154BA9F79F
:10492000B6E80A54D7896B350000891112239B32EF
:104930002446AD573665BF74488CC19D5AAFD3BE6F
:104940006CCAE5DB7EE9F7F88110080193331A227F
:10495000A5562C47B7753E64C99C408DDBBF52AE4F
:10496000EDDA64CBFFF976E802218B30100299135F
:104970002667AF763444BD554AADC3BC588ED19F2F
:104980006EEBE7FA7CC8F5D983310A20911218033F
:10499000A7772E66B5543C45CBBD42ACD99E508F0F
:1049A000EFFB66EAFDD874C904428D5316619F700F
:1049B0002004A9153227BB364CCEC5DF5EEDD7FCEF
:1049C0006888E1997AABF3BA85520C4397711E60FF
:1049D000A1142805B3373A26CDDE44CFDFFD56ECCF
:1049E000E9986089FBBB72AA06638F7214409D51DF
:1049F0002225AB343006B9174EEFC7FE5CCCD5DDAF
:104A00006AA9E3B8788AF19B87730E6295501C41BE
:104A1000A3352A24B1163807CFFF46EEDDDC54CD8E
:104A2000EBB962A8F99A708B088481951AA793B69E
:104A30002CC2A5D33EE1B7F04008C919522BDB3A8E
:104A4000644EED5F766DFF7C899400859BB712A65E
:104A5000ADD224C3BFF136E0C1184809D33B5A2A6E
:104A6000E55E6C4FF77D7E6C0AA583B4188691973E
:104A70002EE3A7F23CC0B5D14229CB38500AD91B4E
:104A8000666FEF7E744CFD5D8BB502A4999610871E
:104A9000AFF326E2BDD034C1C3394A28D11A580B2E
:104AA000E77F6E6EF55C7C4D0CC685D71EE597F4EE
:104AB0002880A1913AA3B3B2444ACD5B5669DF780E
:104AC000600CE91D722FFB3E8DD604C79FF516E4DE
:104AD000A9902081BBB332A2C55A4C4BD7795E68EE
:104AE000E11C680DF33F7A2E0EE787F61CC495D5BE
:104AF0002AA1A3B03882B193466BCF7A5448DD59CE
:104B0000622DEB3C700EF91F8FF706E69DD414C59D
:104B1000ABB122A0B9923083C77B4E6AD5585C49AD
:104B2000E33D6A2CF11E780F25640D0A0070757440
:104B300020746865205570646174652066756E63C5
:104B400074696F6E20696E20343030487A20696E47
:104B50007465727275707400707574207468652065
:104B60005570646174652066756E6374696F6E203C
:104B7000696E203830306B487A20696E74657272C5
:104B800075707400424D4930383820496E69742080
:104B90004572726F720A00707574207468652055D2
:104BA00070646174652066756E6374696F6E2069E8
:104BB0006E204558544920526973696E6720696EAA
:104BC00074657272757074007075742074686520F5
:104BD00073746174655F7469636B2066756E63746A
:104BE000696F6E20696E203530687A20696E746551
:104BF0007272757074005F5F6378615F6775617270
:104C0000645F61637175697265206465746563745E
:104C100065642072656375727369766520696E6973
:104C20007469616C697A6174696F6E3A20646F208F
:104C3000796F75206861766520612066756E637492
:104C4000696F6E2D6C6F63616C207374617469633E
:104C5000207661726961626C652077686F73652088
:104C6000696E697469616C697A6174696F6E2064D8
:104C70006570656E6473206F6E2074686174206661
:104C8000756E6374696F6E3F00000000F04D01089F
:104C90000000002060000000EC010008504E0108F8
:104CA00060000020203B00000C0200081001000002
:104CB00043000000F8FFFFFF0040404040404040FC
:104CC00040404141414141404040404040404040DF
:104CD0004040404040404040400502020202020283
:104CE00002020202020202020220202020202020D2
:104CF00020202002020202020202909090909090E6
:104D000010101010101010101010101010101010A3
:104D10001010101002020202020288888888888817
:104D20000808080808080808080808080808080803
:104D3000080808080202020240000000000000000B
:104D40000000000000000000000000000000000063
:104D50000000000000000000000000000000000053
:104D60000000000000000000000000000000000043
:104D70000000000000000000000000000000000033
:104D80000000000000000000000000000000000023
:104D90000000000000000000000000000000000013
:104DA0000000000000000000000000000000000003
:104DB0000000000000000000000000001C000000D7
:104DC00043000000F8FFFFFF0C0000000E00000091
:104DD0000F0000002E0000001556FFFFDD56FFFFFC
:104DE000FD55FFFF0156FFFFC156FFFFC556FFFFF0
:104DF00050148214740E00000000A0400400000053
:104E00000024F400420300000000803F0000803FC7
:104E1000C0AD000001007017010100000000803FDC
:104E20007B142E3E0050434766663E410100000061
:104E300010000000CDCC06429A9939C00000000055
:104E40000000000000000000010000000000000061
:040000050800018965
:00000001FF
